{"v":"5.6.1","fr":29.9700012207031,"ip":0,"op":56.0000022809268,"w":300,"h":300,"nm":"puge (1)","ddd":0,"assets":[],"layers":[{"ddd":0,"ind":1,"ty":4,"nm":"puge (1) Outlines","sr":1,"ks":{"o":{"a":0,"k":100,"ix":11},"r":{"a":1,"k":[{"i":{"x":[0.833],"y":[0.833]},"o":{"x":[0.167],"y":[0.167]},"t":0,"s":[0]},{"t":55.0000022401959,"s":[355]}],"ix":10},"p":{"a":1,"k":[{"i":{"x":0.833,"y":0.833},"o":{"x":0.167,"y":0.167},"t":2,"s":[152,146,0],"to":[0,0.333,0],"ti":[0,0,0]},{"i":{"x":0.833,"y":0.833},"o":{"x":0.167,"y":0.167},"t":4,"s":[152,148,0],"to":[0,0,0],"ti":[0,0,0]},{"i":{"x":0.833,"y":0.833},"o":{"x":0.167,"y":0.167},"t":8,"s":[152,146,0],"to":[0,0,0],"ti":[0,0,0]},{"i":{"x":0.833,"y":0.833},"o":{"x":0.167,"y":0.167},"t":9,"s":[152,148,0],"to":[0,0,0],"ti":[0,0,0]},{"i":{"x":0.833,"y":0.833},"o":{"x":0.167,"y":0.167},"t":12,"s":[152,146,0],"to":[0,0,0],"ti":[0,-0.667,0]},{"i":{"x":0.833,"y":0.833},"o":{"x":0.167,"y":0.167},"t":14,"s":[152,148,0],"to":[0,0.667,0],"ti":[0,0,0]},{"i":{"x":0.833,"y":0.833},"o":{"x":0.167,"y":0.167},"t":18,"s":[152,150,0],"to":[0,0,0],"ti":[0,0,0]},{"i":{"x":0.833,"y":0.833},"o":{"x":0.167,"y":0.167},"t":23,"s":[152,148,0],"to":[0,0,0],"ti":[0,-0.565,0]},{"i":{"x":0.833,"y":0.833},"o":{"x":0.167,"y":0.167},"t":26,"s":[152,149.2,0],"to":[0,0.35,0],"ti":[0,-0.128,0]},{"i":{"x":0.833,"y":0.833},"o":{"x":0.167,"y":0.167},"t":28,"s":[152,146,0],"to":[0,0.333,0],"ti":[0,-0.333,0]},{"i":{"x":0.833,"y":0.833},"o":{"x":0.167,"y":0.167},"t":30,"s":[152,152,0],"to":[0,0.333,0],"ti":[0,0.333,0]},{"i":{"x":0.833,"y":0.833},"o":{"x":0.167,"y":0.167},"t":32,"s":[152,150,0],"to":[0,-0.333,0],"ti":[0,-0.333,0]},{"i":{"x":0.833,"y":0.833},"o":{"x":0.167,"y":0.167},"t":40,"s":[152,152,0],"to":[0,0.333,0],"ti":[0,0.333,0]},{"i":{"x":0.833,"y":0.833},"o":{"x":0.167,"y":0.167},"t":43,"s":[152,150,0],"to":[0,-0.333,0],"ti":[0,-0.333,0]},{"i":{"x":0.833,"y":0.833},"o":{"x":0.167,"y":0.167},"t":49,"s":[152,152,0],"to":[0,0.333,0],"ti":[0,0.333,0]},{"i":{"x":0.833,"y":0.833},"o":{"x":0.167,"y":0.167},"t":51,"s":[152,150,0],"to":[0,-0.333,0],"ti":[0,-0.333,0]},{"t":53.0000021587343,"s":[152,152,0]}],"ix":2},"a":{"a":0,"k":[150,150,0],"ix":1},"s":{"a":0,"k":[100,100,100],"ix":6}},"ao":0,"shapes":[{"ty":"gr","it":[{"ind":0,"ty":"sh","ix":1,"ks":{"a":0,"k":{"i":[[0,0],[0,0],[0,0],[0,0]],"o":[[0,0],[0,0],[0,0],[0,0]],"v":[[-6.508,-13.048],[-7.344,-5.22],[-10.095,-5.157],[-9.03,-15.148]],"c":true},"ix":2},"nm":"Path 1","mn":"ADBE Vector Shape - Group","hd":false},{"ind":1,"ty":"sh","ix":2,"ks":{"a":0,"k":{"i":[[0,0],[0,0],[0,0],[0,0]],"o":[[0,0],[0,0],[0,0],[0,0]],"v":[[10.689,-16.32],[8.129,-13.238],[-5.565,-14.698],[-7.418,-18.251]],"c":true},"ix":2},"nm":"Path 2","mn":"ADBE Vector Shape - Group","hd":false},{"ind":2,"ty":"sh","ix":3,"ks":{"a":0,"k":{"i":[[0,0],[0,0],[0,0],[0,0]],"o":[[0,0],[0,0],[0,0],[0,0]],"v":[[11.924,-13.227],[10.826,-2.926],[8.147,-3.557],[9.017,-11.707]],"c":true},"ix":2},"nm":"Path 3","mn":"ADBE Vector Shape - Group","hd":false},{"ind":3,"ty":"sh","ix":4,"ks":{"a":0,"k":{"i":[[0,0],[0,0],[0,0],[0,0]],"o":[[0,0],[0,0],[0,0],[0,0]],"v":[[7.49,2.618],[7.966,-1.85],[10.642,-1.214],[9.439,10.077]],"c":true},"ix":2},"nm":"Path 4","mn":"ADBE Vector Shape - Group","hd":false},{"ind":4,"ty":"sh","ix":5,"ks":{"a":0,"k":{"i":[[8.952,3.99],[0,0],[0,0],[0,0]],"o":[[1.423,-3.77],[0,0],[0,0],[-0.001,0]],"v":[[-10.452,11.706],[-7.344,3.479],[6.346,4.939],[7.654,13.637]],"c":true},"ix":2},"nm":"Path 5","mn":"ADBE Vector Shape - Group","hd":false},{"ind":5,"ty":"sh","ix":6,"ks":{"a":0,"k":{"i":[[0,0],[0,0],[0,0],[0,0]],"o":[[0,0],[0,0],[0,0],[0,0]],"v":[[-11.514,8.159],[-10.277,-3.442],[-7.526,-3.501],[-8.036,1.279]],"c":true},"ix":2},"nm":"Path 6","mn":"ADBE Vector Shape - Group","hd":false},{"ind":6,"ty":"sh","ix":7,"ks":{"a":0,"k":{"i":[[-3.098,-0.33],[0,0],[-0.33,3.1],[0,0],[3.1,0.33],[0,0],[0.331,-3.099],[0,0]],"o":[[0,0],[3.099,0.331],[0,0],[0.331,-3.098],[0,0],[-3.098,-0.331],[0,0],[-0.329,3.1]],"v":[[-8.391,22.76],[3.302,24.007],[9.612,18.059],[13.302,-16.55],[8.289,-22.76],[-3.404,-24.007],[-9.613,-18.994],[-13.304,15.615]],"c":true},"ix":2},"nm":"Path 7","mn":"ADBE Vector Shape - Group","hd":false},{"ty":"mm","mm":1,"nm":"Merge Paths 1","mn":"ADBE Vector Filter - Merge","hd":false},{"ty":"fl","c":{"a":0,"k":[0,0,0,1],"ix":4},"o":{"a":0,"k":100,"ix":5},"r":1,"bm":0,"nm":"Fill 1","mn":"ADBE Vector Graphic - Fill","hd":false},{"ty":"tr","p":{"a":0,"k":[268.679,104.901],"ix":2},"a":{"a":0,"k":[0,0],"ix":1},"s":{"a":0,"k":[100,100],"ix":3},"r":{"a":0,"k":0,"ix":6},"o":{"a":0,"k":100,"ix":7},"sk":{"a":0,"k":0,"ix":4},"sa":{"a":0,"k":0,"ix":5},"nm":"Transform"}],"nm":"Group 1","np":9,"cix":2,"bm":0,"ix":1,"mn":"ADBE Vector Group","hd":false},{"ty":"gr","it":[{"ind":0,"ty":"sh","ix":1,"ks":{"a":0,"k":{"i":[[3.232,2.276],[3.553,2.502],[-1.857,2.637],[-3.61,0.627],[-3.232,-2.277],[2.846,-2.307],[7.103,-6.373],[3.61,-0.626]],"o":[[-3.828,-2.695],[-2.145,-1.511],[2.276,-3.233],[3.61,-0.626],[3.232,2.276],[-4.615,3.745],[-2.943,2.639],[-3.61,0.627]],"v":[[-10.143,11.705],[-8.94,0.887],[-13.605,-8.242],[-3.195,-6.443],[6.343,-11.704],[8.858,-4.805],[8.359,10.298],[-0.777,8.968]],"c":true},"ix":2},"nm":"Path 1","mn":"ADBE Vector Shape - Group","hd":false},{"ty":"fl","c":{"a":0,"k":[0.957000014361,0.957000014361,0.957000014361,1],"ix":4},"o":{"a":0,"k":100,"ix":5},"r":1,"bm":0,"nm":"Fill 1","mn":"ADBE Vector Graphic - Fill","hd":false},{"ty":"tr","p":{"a":0,"k":[78.386,254.412],"ix":2},"a":{"a":0,"k":[0,0],"ix":1},"s":{"a":0,"k":[100,100],"ix":3},"r":{"a":0,"k":0,"ix":6},"o":{"a":0,"k":100,"ix":7},"sk":{"a":0,"k":0,"ix":4},"sa":{"a":0,"k":0,"ix":5},"nm":"Transform"}],"nm":"Group 2","np":2,"cix":2,"bm":0,"ix":2,"mn":"ADBE Vector Group","hd":false},{"ty":"gr","it":[{"ind":0,"ty":"sh","ix":1,"ks":{"a":0,"k":{"i":[[-2.306,-2.068],[-2.535,-2.274],[1.687,-1.881],[2.867,-0.155],[2.305,2.069],[-2.426,1.534],[-6.113,4.304],[-2.866,0.156]],"o":[[2.73,2.449],[1.53,1.372],[-2.068,2.306],[-2.866,0.157],[-2.306,-2.068],[3.935,-2.49],[2.532,-1.784],[2.867,-0.156]],"v":[[8.954,-8.189],[7.023,0.119],[9.812,7.65],[1.878,5.292],[-6.025,8.509],[-7.348,2.91],[-5.57,-8.794],[1.415,-6.92]],"c":true},"ix":2},"nm":"Path 1","mn":"ADBE Vector Shape - Group","hd":false},{"ty":"fl","c":{"a":0,"k":[0.917999985639,0.917999985639,0.917999985639,1],"ix":4},"o":{"a":0,"k":100,"ix":5},"r":1,"bm":0,"nm":"Fill 1","mn":"ADBE Vector Graphic - Fill","hd":false},{"ty":"tr","p":{"a":0,"k":[67.83,238.673],"ix":2},"a":{"a":0,"k":[0,0],"ix":1},"s":{"a":0,"k":[100,100],"ix":3},"r":{"a":0,"k":0,"ix":6},"o":{"a":0,"k":100,"ix":7},"sk":{"a":0,"k":0,"ix":4},"sa":{"a":0,"k":0,"ix":5},"nm":"Transform"}],"nm":"Group 3","np":2,"cix":2,"bm":0,"ix":3,"mn":"ADBE Vector Group","hd":false},{"ty":"gr","it":[{"ind":0,"ty":"sh","ix":1,"ks":{"a":0,"k":{"i":[[-2.395,1.965],[-2.632,2.161],[-1.604,-1.953],[0.281,-2.856],[2.395,-1.965],[1.149,2.631],[3.327,6.695],[-0.281,2.856]],"o":[[2.835,-2.327],[1.589,-1.304],[1.964,2.394],[-0.282,2.857],[-2.394,1.966],[-1.863,-4.268],[-1.379,-2.774],[0.281,-2.857]],"v":[[-6.784,-9.316],[1.134,-6.147],[9.002,-7.761],[5.468,-0.277],[7.446,8.024],[1.711,8.482],[-9.587,4.949],[-6.674,-1.672]],"c":true},"ix":2},"nm":"Path 1","mn":"ADBE Vector Shape - Group","hd":false},{"ty":"fl","c":{"a":0,"k":[0.866999966491,0.866999966491,0.866999966491,1],"ix":4},"o":{"a":0,"k":100,"ix":5},"r":1,"bm":0,"nm":"Fill 1","mn":"ADBE Vector Graphic - Fill","hd":false},{"ty":"tr","p":{"a":0,"k":[62.135,227.197],"ix":2},"a":{"a":0,"k":[0,0],"ix":1},"s":{"a":0,"k":[100,100],"ix":3},"r":{"a":0,"k":0,"ix":6},"o":{"a":0,"k":100,"ix":7},"sk":{"a":0,"k":0,"ix":4},"sa":{"a":0,"k":0,"ix":5},"nm":"Transform"}],"nm":"Group 4","np":2,"cix":2,"bm":0,"ix":4,"mn":"ADBE Vector Group","hd":false},{"ty":"gr","it":[{"ind":0,"ty":"sh","ix":1,"ks":{"a":0,"k":{"i":[[-2.395,1.965],[-2.632,2.161],[-1.603,-1.953],[0.281,-2.856],[2.394,-1.965],[1.149,2.631],[3.327,6.695],[-0.281,2.856]],"o":[[2.835,-2.327],[1.589,-1.304],[1.964,2.394],[-0.282,2.857],[-2.395,1.966],[-1.863,-4.268],[-1.379,-2.774],[0.281,-2.857]],"v":[[-6.784,-9.317],[1.134,-6.148],[9.002,-7.762],[5.468,-0.278],[7.447,8.023],[1.711,8.481],[-9.587,4.948],[-6.674,-1.673]],"c":true},"ix":2},"nm":"Path 1","mn":"ADBE Vector Shape - Group","hd":false},{"ty":"fl","c":{"a":0,"k":[0.757000014361,0.757000014361,0.757000014361,1],"ix":4},"o":{"a":0,"k":100,"ix":5},"r":1,"bm":0,"nm":"Fill 1","mn":"ADBE Vector Graphic - Fill","hd":false},{"ty":"tr","p":{"a":0,"k":[54.611,200.894],"ix":2},"a":{"a":0,"k":[0,0],"ix":1},"s":{"a":0,"k":[100,100],"ix":3},"r":{"a":0,"k":0,"ix":6},"o":{"a":0,"k":100,"ix":7},"sk":{"a":0,"k":0,"ix":4},"sa":{"a":0,"k":0,"ix":5},"nm":"Transform"}],"nm":"Group 5","np":2,"cix":2,"bm":0,"ix":5,"mn":"ADBE Vector Group","hd":false},{"ty":"gr","it":[{"ind":0,"ty":"sh","ix":1,"ks":{"a":0,"k":{"i":[[-0.621,3.035],[-0.682,3.336],[-2.476,-0.507],[-1.583,-2.395],[0.62,-3.034],[2.55,1.318],[6.804,3.1],[1.582,2.395]],"o":[[0.734,-3.593],[0.411,-2.014],[3.035,0.62],[1.582,2.395],[-0.621,3.035],[-4.136,-2.14],[-2.818,-1.284],[-1.582,-2.395]],"v":[[-10.988,-3.346],[-2.844,-5.876],[2.247,-12.088],[4.221,-4.051],[10.99,1.146],[6.825,5.117],[-4.174,9.495],[-6.085,2.519]],"c":true},"ix":2},"nm":"Path 1","mn":"ADBE Vector Shape - Group","hd":false},{"ty":"fl","c":{"a":0,"k":[0.6,0.6,0.6,1],"ix":4},"o":{"a":0,"k":100,"ix":5},"r":1,"bm":0,"nm":"Fill 1","mn":"ADBE Vector Graphic - Fill","hd":false},{"ty":"tr","p":{"a":0,"k":[51.377,201.539],"ix":2},"a":{"a":0,"k":[0,0],"ix":1},"s":{"a":0,"k":[100,100],"ix":3},"r":{"a":0,"k":0,"ix":6},"o":{"a":0,"k":100,"ix":7},"sk":{"a":0,"k":0,"ix":4},"sa":{"a":0,"k":0,"ix":5},"nm":"Transform"}],"nm":"Group 6","np":2,"cix":2,"bm":0,"ix":6,"mn":"ADBE Vector Group","hd":false},{"ty":"gr","it":[{"ind":0,"ty":"sh","ix":1,"ks":{"a":0,"k":{"i":[[-2.395,1.965],[-2.632,2.16],[-1.603,-1.953],[0.282,-2.856],[2.395,-1.965],[1.149,2.631],[3.327,6.695],[-0.281,2.856]],"o":[[2.835,-2.326],[1.589,-1.304],[1.965,2.394],[-0.281,2.857],[-2.394,1.965],[-1.863,-4.268],[-1.379,-2.774],[0.281,-2.858]],"v":[[-6.784,-9.317],[1.134,-6.147],[9.001,-7.762],[5.467,-0.278],[7.446,8.024],[1.711,8.481],[-9.587,4.948],[-6.674,-1.672]],"c":true},"ix":2},"nm":"Path 1","mn":"ADBE Vector Shape - Group","hd":false},{"ty":"fl","c":{"a":0,"k":[0.808000033509,0.808000033509,0.808000033509,1],"ix":4},"o":{"a":0,"k":100,"ix":5},"r":1,"bm":0,"nm":"Fill 1","mn":"ADBE Vector Graphic - Fill","hd":false},{"ty":"tr","p":{"a":0,"k":[54.36,215.063],"ix":2},"a":{"a":0,"k":[0,0],"ix":1},"s":{"a":0,"k":[100,100],"ix":3},"r":{"a":0,"k":0,"ix":6},"o":{"a":0,"k":100,"ix":7},"sk":{"a":0,"k":0,"ix":4},"sa":{"a":0,"k":0,"ix":5},"nm":"Transform"}],"nm":"Group 7","np":2,"cix":2,"bm":0,"ix":7,"mn":"ADBE Vector Group","hd":false},{"ty":"gr","it":[{"ind":0,"ty":"sh","ix":1,"ks":{"a":0,"k":{"i":[[-0.62,3.035],[-0.682,3.337],[-2.476,-0.506],[-1.582,-2.395],[0.62,-3.034],[2.55,1.318],[6.803,3.099],[1.582,2.396]],"o":[[0.735,-3.593],[0.412,-2.014],[3.035,0.62],[1.583,2.395],[-0.62,3.035],[-4.136,-2.139],[-2.818,-1.285],[-1.583,-2.394]],"v":[[-10.989,-3.346],[-2.844,-5.876],[2.246,-12.089],[4.22,-4.051],[10.989,1.146],[6.824,5.117],[-4.174,9.495],[-6.085,2.518]],"c":true},"ix":2},"nm":"Path 1","mn":"ADBE Vector Shape - Group","hd":false},{"ty":"fl","c":{"a":0,"k":[0.769000004787,0.769000004787,0.769000004787,1],"ix":4},"o":{"a":0,"k":100,"ix":5},"r":1,"bm":0,"nm":"Fill 1","mn":"ADBE Vector Graphic - Fill","hd":false},{"ty":"tr","p":{"a":0,"k":[51.126,215.709],"ix":2},"a":{"a":0,"k":[0,0],"ix":1},"s":{"a":0,"k":[100,100],"ix":3},"r":{"a":0,"k":0,"ix":6},"o":{"a":0,"k":100,"ix":7},"sk":{"a":0,"k":0,"ix":4},"sa":{"a":0,"k":0,"ix":5},"nm":"Transform"}],"nm":"Group 8","np":2,"cix":2,"bm":0,"ix":8,"mn":"ADBE Vector Group","hd":false},{"ty":"gr","it":[{"ind":0,"ty":"sh","ix":1,"ks":{"a":0,"k":{"i":[[-0.084,3.096],[-0.093,3.404],[-2.526,-0.07],[-1.974,-2.084],[0.084,-3.096],[2.74,0.856],[7.238,1.873],[1.974,2.084]],"o":[[0.1,-3.666],[0.055,-2.054],[3.096,0.084],[1.974,2.085],[-0.084,3.096],[-4.445,-1.388],[-2.998,-0.775],[-1.973,-2.084]],"v":[[-11.212,-1.18],[-3.629,-5.085],[0.305,-12.086],[3.644,-4.514],[11.212,-0.57],[7.8,4.062],[-2.272,10.284],[-5.365,3.746]],"c":true},"ix":2},"nm":"Path 1","mn":"ADBE Vector Shape - Group","hd":false},{"ty":"fl","c":{"a":0,"k":[0.310000011968,0.310000011968,0.310000011968,1],"ix":4},"o":{"a":0,"k":100,"ix":5},"r":1,"bm":0,"nm":"Fill 1","mn":"ADBE Vector Graphic - Fill","hd":false},{"ty":"tr","p":{"a":0,"k":[47.554,201.577],"ix":2},"a":{"a":0,"k":[0,0],"ix":1},"s":{"a":0,"k":[100,100],"ix":3},"r":{"a":0,"k":0,"ix":6},"o":{"a":0,"k":100,"ix":7},"sk":{"a":0,"k":0,"ix":4},"sa":{"a":0,"k":0,"ix":5},"nm":"Transform"}],"nm":"Group 9","np":2,"cix":2,"bm":0,"ix":9,"mn":"ADBE Vector Group","hd":false},{"ty":"gr","it":[{"ind":0,"ty":"sh","ix":1,"ks":{"a":0,"k":{"i":[[1.886,2.457],[2.074,2.702],[-2.004,1.539],[-2.847,-0.374],[-1.885,-2.457],[2.667,-1.063],[6.799,-3.109],[2.845,0.373]],"o":[[-2.233,-2.909],[-1.251,-1.629],[2.456,-1.885],[2.845,0.374],[1.887,2.456],[-4.325,1.724],[-2.817,1.288],[-2.847,-0.374]],"v":[[-9.366,6.529],[-5.942,-1.282],[-7.3,-9.197],[0.066,-5.423],[8.426,-7.13],[8.697,-1.383],[4.8,9.795],[-1.722,6.669]],"c":true},"ix":2},"nm":"Path 1","mn":"ADBE Vector Shape - Group","hd":false},{"ty":"fl","c":{"a":0,"k":[0.666999966491,0.666999966491,0.666999966491,1],"ix":4},"o":{"a":0,"k":100,"ix":5},"r":1,"bm":0,"nm":"Fill 1","mn":"ADBE Vector Graphic - Fill","hd":false},{"ty":"tr","p":{"a":0,"k":[45.834,203.822],"ix":2},"a":{"a":0,"k":[0,0],"ix":1},"s":{"a":0,"k":[100,100],"ix":3},"r":{"a":0,"k":0,"ix":6},"o":{"a":0,"k":100,"ix":7},"sk":{"a":0,"k":0,"ix":4},"sa":{"a":0,"k":0,"ix":5},"nm":"Transform"}],"nm":"Group 10","np":2,"cix":2,"bm":0,"ix":10,"mn":"ADBE Vector Group","hd":false},{"ty":"gr","it":[{"ind":0,"ty":"sh","ix":1,"ks":{"a":0,"k":{"i":[[2.462,1.879],[2.707,2.066],[-1.533,2.009],[-2.844,0.383],[-2.462,-1.879],[2.297,-1.723],[5.751,-4.776],[2.845,-0.382]],"o":[[-2.916,-2.225],[-1.634,-1.247],[1.879,-2.462],[2.845,-0.382],[2.463,1.879],[-3.725,2.793],[-2.383,1.979],[-2.845,0.383]],"v":[[-8.316,8.917],[-7.05,0.482],[-10.429,-6.804],[-2.334,-5.084],[5.291,-8.917],[7.054,-3.439],[6.211,8.368],[-0.902,7.054]],"c":true},"ix":2},"nm":"Path 1","mn":"ADBE Vector Shape - Group","hd":false},{"ty":"fl","c":{"a":0,"k":[0.486000001197,0.486000001197,0.486000001197,1],"ix":4},"o":{"a":0,"k":100,"ix":5},"r":1,"bm":0,"nm":"Fill 1","mn":"ADBE Vector Graphic - Fill","hd":false},{"ty":"tr","p":{"a":0,"k":[42.527,184.886],"ix":2},"a":{"a":0,"k":[0,0],"ix":1},"s":{"a":0,"k":[100,100],"ix":3},"r":{"a":0,"k":0,"ix":6},"o":{"a":0,"k":100,"ix":7},"sk":{"a":0,"k":0,"ix":4},"sa":{"a":0,"k":0,"ix":5},"nm":"Transform"}],"nm":"Group 11","np":2,"cix":2,"bm":0,"ix":11,"mn":"ADBE Vector Group","hd":false},{"ty":"gr","it":[{"ind":0,"ty":"sh","ix":1,"ks":{"a":0,"k":{"i":[[3.096,-0.094],[3.403,-0.103],[0.076,2.526],[-1.967,2.09],[-3.096,0.093],[0.698,-2.784],[1.455,-7.334],[1.967,-2.09]],"o":[[-3.666,0.11],[-2.055,0.062],[-0.094,-3.096],[1.968,-2.089],[3.095,-0.094],[-1.131,4.517],[-0.602,3.038],[-1.968,2.091]],"v":[[-0.372,11.203],[-4.705,3.857],[-11.921,0.33],[-4.552,-3.438],[-1.048,-11.219],[3.772,-8.078],[10.56,1.621],[4.21,5.083]],"c":true},"ix":2},"nm":"Path 1","mn":"ADBE Vector Shape - Group","hd":false},{"ty":"fl","c":{"a":0,"k":[0.277999997606,0.277999997606,0.277999997606,1],"ix":4},"o":{"a":0,"k":100,"ix":5},"r":1,"bm":0,"nm":"Fill 1","mn":"ADBE Vector Graphic - Fill","hd":false},{"ty":"tr","p":{"a":0,"k":[42.731,188.32],"ix":2},"a":{"a":0,"k":[0,0],"ix":1},"s":{"a":0,"k":[100,100],"ix":3},"r":{"a":0,"k":0,"ix":6},"o":{"a":0,"k":100,"ix":7},"sk":{"a":0,"k":0,"ix":4},"sa":{"a":0,"k":0,"ix":5},"nm":"Transform"}],"nm":"Group 12","np":2,"cix":2,"bm":0,"ix":12,"mn":"ADBE Vector Group","hd":false},{"ty":"gr","it":[{"ind":0,"ty":"sh","ix":1,"ks":{"a":0,"k":{"i":[[2.462,1.879],[2.707,2.066],[-1.533,2.009],[-2.845,0.383],[-2.461,-1.879],[2.297,-1.723],[5.752,-4.776],[2.844,-0.382]],"o":[[-2.916,-2.225],[-1.634,-1.247],[1.879,-2.462],[2.845,-0.382],[2.463,1.879],[-3.725,2.793],[-2.383,1.979],[-2.846,0.383]],"v":[[-8.316,8.917],[-7.051,0.482],[-10.43,-6.804],[-2.333,-5.084],[5.29,-8.917],[7.053,-3.439],[6.211,8.368],[-0.902,7.054]],"c":true},"ix":2},"nm":"Path 1","mn":"ADBE Vector Shape - Group","hd":false},{"ty":"fl","c":{"a":0,"k":[0.317999985639,0.317999985639,0.317999985639,1],"ix":4},"o":{"a":0,"k":100,"ix":5},"r":1,"bm":0,"nm":"Fill 1","mn":"ADBE Vector Graphic - Fill","hd":false},{"ty":"tr","p":{"a":0,"k":[41.633,169.74],"ix":2},"a":{"a":0,"k":[0,0],"ix":1},"s":{"a":0,"k":[100,100],"ix":3},"r":{"a":0,"k":0,"ix":6},"o":{"a":0,"k":100,"ix":7},"sk":{"a":0,"k":0,"ix":4},"sa":{"a":0,"k":0,"ix":5},"nm":"Transform"}],"nm":"Group 13","np":2,"cix":2,"bm":0,"ix":13,"mn":"ADBE Vector Group","hd":false},{"ty":"gr","it":[{"ind":0,"ty":"sh","ix":1,"ks":{"a":0,"k":{"i":[[3.096,-0.094],[3.404,-0.102],[0.076,2.526],[-1.967,2.09],[-3.095,0.093],[0.697,-2.784],[1.455,-7.334],[1.967,-2.09]],"o":[[-3.666,0.11],[-2.054,0.062],[-0.094,-3.096],[1.968,-2.089],[3.096,-0.094],[-1.132,4.517],[-0.602,3.038],[-1.968,2.091]],"v":[[-0.372,11.203],[-4.706,3.857],[-11.921,0.33],[-4.552,-3.438],[-1.049,-11.219],[3.772,-8.078],[10.56,1.621],[4.21,5.083]],"c":true},"ix":2},"nm":"Path 1","mn":"ADBE Vector Shape - Group","hd":false},{"ty":"fl","c":{"a":0,"k":[0.226999993418,0.226999993418,0.226999993418,1],"ix":4},"o":{"a":0,"k":100,"ix":5},"r":1,"bm":0,"nm":"Fill 1","mn":"ADBE Vector Graphic - Fill","hd":false},{"ty":"tr","p":{"a":0,"k":[41.837,173.174],"ix":2},"a":{"a":0,"k":[0,0],"ix":1},"s":{"a":0,"k":[100,100],"ix":3},"r":{"a":0,"k":0,"ix":6},"o":{"a":0,"k":100,"ix":7},"sk":{"a":0,"k":0,"ix":4},"sa":{"a":0,"k":0,"ix":5},"nm":"Transform"}],"nm":"Group 14","np":2,"cix":2,"bm":0,"ix":14,"mn":"ADBE Vector Group","hd":false},{"ty":"gr","it":[{"ind":0,"ty":"sh","ix":1,"ks":{"a":0,"k":{"i":[[2.462,1.879],[2.707,2.066],[-1.533,2.009],[-2.845,0.383],[-2.461,-1.878],[2.297,-1.722],[5.752,-4.776],[2.844,-0.382]],"o":[[-2.916,-2.225],[-1.634,-1.246],[1.879,-2.462],[2.845,-0.382],[2.463,1.879],[-3.725,2.793],[-2.383,1.98],[-2.846,0.383]],"v":[[-8.316,8.916],[-7.051,0.481],[-10.43,-6.805],[-2.333,-5.085],[5.29,-8.918],[7.053,-3.439],[6.211,8.367],[-0.902,7.053]],"c":true},"ix":2},"nm":"Path 1","mn":"ADBE Vector Shape - Group","hd":false},{"ty":"fl","c":{"a":0,"k":[0.149000010771,0.149000010771,0.149000010771,1],"ix":4},"o":{"a":0,"k":100,"ix":5},"r":1,"bm":0,"nm":"Fill 1","mn":"ADBE Vector Graphic - Fill","hd":false},{"ty":"tr","p":{"a":0,"k":[42.355,154.783],"ix":2},"a":{"a":0,"k":[0,0],"ix":1},"s":{"a":0,"k":[100,100],"ix":3},"r":{"a":0,"k":0,"ix":6},"o":{"a":0,"k":100,"ix":7},"sk":{"a":0,"k":0,"ix":4},"sa":{"a":0,"k":0,"ix":5},"nm":"Transform"}],"nm":"Group 15","np":2,"cix":2,"bm":0,"ix":15,"mn":"ADBE Vector Group","hd":false},{"ty":"gr","it":[{"ind":0,"ty":"sh","ix":1,"ks":{"a":0,"k":{"i":[[3.096,-0.094],[3.404,-0.102],[0.076,2.526],[-1.967,2.091],[-3.095,0.094],[0.697,-2.784],[1.455,-7.334],[1.967,-2.091]],"o":[[-3.666,0.11],[-2.054,0.062],[-0.094,-3.096],[1.968,-2.089],[3.096,-0.094],[-1.132,4.517],[-0.602,3.038],[-1.968,2.09]],"v":[[-0.372,11.203],[-4.706,3.857],[-11.921,0.33],[-4.552,-3.438],[-1.049,-11.219],[3.772,-8.078],[10.56,1.621],[4.21,5.084]],"c":true},"ix":2},"nm":"Path 1","mn":"ADBE Vector Shape - Group","hd":false},{"ty":"fl","c":{"a":0,"k":[0.447000002394,0.447000002394,0.447000002394,1],"ix":4},"o":{"a":0,"k":100,"ix":5},"r":1,"bm":0,"nm":"Fill 1","mn":"ADBE Vector Graphic - Fill","hd":false},{"ty":"tr","p":{"a":0,"k":[42.559,158.216],"ix":2},"a":{"a":0,"k":[0,0],"ix":1},"s":{"a":0,"k":[100,100],"ix":3},"r":{"a":0,"k":0,"ix":6},"o":{"a":0,"k":100,"ix":7},"sk":{"a":0,"k":0,"ix":4},"sa":{"a":0,"k":0,"ix":5},"nm":"Transform"}],"nm":"Group 16","np":2,"cix":2,"bm":0,"ix":16,"mn":"ADBE Vector Group","hd":false},{"ty":"gr","it":[{"ind":0,"ty":"sh","ix":1,"ks":{"a":0,"k":{"i":[[2.462,1.879],[2.707,2.065],[-1.533,2.009],[-2.844,0.382],[-2.462,-1.879],[2.297,-1.723],[5.752,-4.777],[2.845,-0.383]],"o":[[-2.916,-2.225],[-1.634,-1.247],[1.879,-2.463],[2.846,-0.383],[2.463,1.878],[-3.725,2.793],[-2.383,1.979],[-2.845,0.382]],"v":[[-8.316,8.916],[-7.051,0.482],[-10.43,-6.803],[-2.335,-5.084],[5.29,-8.917],[7.053,-3.439],[6.21,8.368],[-0.903,7.054]],"c":true},"ix":2},"nm":"Path 1","mn":"ADBE Vector Shape - Group","hd":false},{"ty":"fl","c":{"a":0,"k":[0.298000021542,0.298000021542,0.298000021542,1],"ix":4},"o":{"a":0,"k":100,"ix":5},"r":1,"bm":0,"nm":"Fill 1","mn":"ADBE Vector Graphic - Fill","hd":false},{"ty":"tr","p":{"a":0,"k":[41.836,141.043],"ix":2},"a":{"a":0,"k":[0,0],"ix":1},"s":{"a":0,"k":[100,100],"ix":3},"r":{"a":0,"k":0,"ix":6},"o":{"a":0,"k":100,"ix":7},"sk":{"a":0,"k":0,"ix":4},"sa":{"a":0,"k":0,"ix":5},"nm":"Transform"}],"nm":"Group 17","np":2,"cix":2,"bm":0,"ix":17,"mn":"ADBE Vector Group","hd":false},{"ty":"gr","it":[{"ind":0,"ty":"sh","ix":1,"ks":{"a":0,"k":{"i":[[3.096,-0.093],[3.404,-0.102],[0.076,2.525],[-1.968,2.09],[-3.095,0.094],[0.697,-2.784],[1.455,-7.334],[1.967,-2.09]],"o":[[-3.666,0.111],[-2.054,0.063],[-0.094,-3.096],[1.967,-2.09],[3.096,-0.093],[-1.132,4.517],[-0.603,3.038],[-1.968,2.09]],"v":[[-0.372,11.202],[-4.706,3.856],[-11.921,0.33],[-4.552,-3.438],[-1.049,-11.22],[3.772,-8.079],[10.56,1.62],[4.21,5.083]],"c":true},"ix":2},"nm":"Path 1","mn":"ADBE Vector Shape - Group","hd":false},{"ty":"fl","c":{"a":0,"k":[0,0,0,1],"ix":4},"o":{"a":0,"k":100,"ix":5},"r":1,"bm":0,"nm":"Fill 1","mn":"ADBE Vector Graphic - Fill","hd":false},{"ty":"tr","p":{"a":0,"k":[42.039,144.477],"ix":2},"a":{"a":0,"k":[0,0],"ix":1},"s":{"a":0,"k":[100,100],"ix":3},"r":{"a":0,"k":0,"ix":6},"o":{"a":0,"k":100,"ix":7},"sk":{"a":0,"k":0,"ix":4},"sa":{"a":0,"k":0,"ix":5},"nm":"Transform"}],"nm":"Group 18","np":2,"cix":2,"bm":0,"ix":18,"mn":"ADBE Vector Group","hd":false},{"ty":"gr","it":[{"ind":0,"ty":"sh","ix":1,"ks":{"a":0,"k":{"i":[[2.462,1.879],[2.707,2.066],[-1.533,2.009],[-2.844,0.383],[-2.462,-1.879],[2.297,-1.722],[5.751,-4.776],[2.845,-0.383]],"o":[[-2.916,-2.225],[-1.635,-1.246],[1.879,-2.462],[2.845,-0.382],[2.462,1.879],[-3.726,2.794],[-2.383,1.979],[-2.845,0.382]],"v":[[-8.316,8.917],[-7.05,0.482],[-10.429,-6.804],[-2.334,-5.084],[5.291,-8.917],[7.054,-3.44],[6.211,8.368],[-0.902,7.054]],"c":true},"ix":2},"nm":"Path 1","mn":"ADBE Vector Shape - Group","hd":false},{"ty":"fl","c":{"a":0,"k":[0,0,0,1],"ix":4},"o":{"a":0,"k":100,"ix":5},"r":1,"bm":0,"nm":"Fill 1","mn":"ADBE Vector Graphic - Fill","hd":false},{"ty":"tr","p":{"a":0,"k":[44.496,129.103],"ix":2},"a":{"a":0,"k":[0,0],"ix":1},"s":{"a":0,"k":[100,100],"ix":3},"r":{"a":0,"k":0,"ix":6},"o":{"a":0,"k":100,"ix":7},"sk":{"a":0,"k":0,"ix":4},"sa":{"a":0,"k":0,"ix":5},"nm":"Transform"}],"nm":"Group 19","np":2,"cix":2,"bm":0,"ix":19,"mn":"ADBE Vector Group","hd":false},{"ty":"gr","it":[{"ind":0,"ty":"sh","ix":1,"ks":{"a":0,"k":{"i":[[3.096,-0.094],[3.403,-0.103],[0.076,2.526],[-1.967,2.091],[-3.095,0.093],[0.698,-2.784],[1.455,-7.333],[1.967,-2.09]],"o":[[-3.666,0.11],[-2.055,0.062],[-0.094,-3.096],[1.968,-2.089],[3.096,-0.094],[-1.131,4.517],[-0.602,3.039],[-1.968,2.09]],"v":[[-0.372,11.203],[-4.705,3.857],[-11.921,0.33],[-4.552,-3.438],[-1.049,-11.219],[3.772,-8.078],[10.56,1.62],[4.21,5.083]],"c":true},"ix":2},"nm":"Path 1","mn":"ADBE Vector Shape - Group","hd":false},{"ty":"fl","c":{"a":0,"k":[0.54900004069,0.54900004069,0.54900004069,1],"ix":4},"o":{"a":0,"k":100,"ix":5},"r":1,"bm":0,"nm":"Fill 1","mn":"ADBE Vector Graphic - Fill","hd":false},{"ty":"tr","p":{"a":0,"k":[44.7,132.536],"ix":2},"a":{"a":0,"k":[0,0],"ix":1},"s":{"a":0,"k":[100,100],"ix":3},"r":{"a":0,"k":0,"ix":6},"o":{"a":0,"k":100,"ix":7},"sk":{"a":0,"k":0,"ix":4},"sa":{"a":0,"k":0,"ix":5},"nm":"Transform"}],"nm":"Group 20","np":2,"cix":2,"bm":0,"ix":20,"mn":"ADBE Vector Group","hd":false},{"ty":"gr","it":[{"ind":0,"ty":"sh","ix":1,"ks":{"a":0,"k":{"i":[[2.462,1.879],[2.707,2.066],[-1.533,2.009],[-2.845,0.383],[-2.462,-1.878],[2.297,-1.722],[5.752,-4.776],[2.844,-0.383]],"o":[[-2.916,-2.225],[-1.634,-1.246],[1.879,-2.462],[2.845,-0.382],[2.462,1.879],[-3.725,2.794],[-2.382,1.979],[-2.846,0.382]],"v":[[-8.316,8.916],[-7.051,0.481],[-10.43,-6.805],[-2.334,-5.085],[5.292,-8.918],[7.053,-3.441],[6.21,8.367],[-0.902,7.053]],"c":true},"ix":2},"nm":"Path 1","mn":"ADBE Vector Shape - Group","hd":false},{"ty":"fl","c":{"a":0,"k":[0,0,0,1],"ix":4},"o":{"a":0,"k":100,"ix":5},"r":1,"bm":0,"nm":"Fill 1","mn":"ADBE Vector Graphic - Fill","hd":false},{"ty":"tr","p":{"a":0,"k":[48.266,114.756],"ix":2},"a":{"a":0,"k":[0,0],"ix":1},"s":{"a":0,"k":[100,100],"ix":3},"r":{"a":0,"k":0,"ix":6},"o":{"a":0,"k":100,"ix":7},"sk":{"a":0,"k":0,"ix":4},"sa":{"a":0,"k":0,"ix":5},"nm":"Transform"}],"nm":"Group 21","np":2,"cix":2,"bm":0,"ix":21,"mn":"ADBE Vector Group","hd":false},{"ty":"gr","it":[{"ind":0,"ty":"sh","ix":1,"ks":{"a":0,"k":{"i":[[3.096,-0.094],[3.404,-0.103],[0.076,2.526],[-1.967,2.09],[-3.095,0.093],[0.698,-2.784],[1.455,-7.333],[1.967,-2.09]],"o":[[-3.666,0.11],[-2.054,0.062],[-0.094,-3.096],[1.968,-2.09],[3.096,-0.094],[-1.131,4.517],[-0.602,3.039],[-1.968,2.09]],"v":[[-0.372,11.203],[-4.706,3.857],[-11.921,0.33],[-4.552,-3.437],[-1.049,-11.219],[3.772,-8.078],[10.56,1.62],[4.21,5.083]],"c":true},"ix":2},"nm":"Path 1","mn":"ADBE Vector Shape - Group","hd":false},{"ty":"fl","c":{"a":0,"k":[0,0,0,1],"ix":4},"o":{"a":0,"k":100,"ix":5},"r":1,"bm":0,"nm":"Fill 1","mn":"ADBE Vector Graphic - Fill","hd":false},{"ty":"tr","p":{"a":0,"k":[48.47,118.189],"ix":2},"a":{"a":0,"k":[0,0],"ix":1},"s":{"a":0,"k":[100,100],"ix":3},"r":{"a":0,"k":0,"ix":6},"o":{"a":0,"k":100,"ix":7},"sk":{"a":0,"k":0,"ix":4},"sa":{"a":0,"k":0,"ix":5},"nm":"Transform"}],"nm":"Group 22","np":2,"cix":2,"bm":0,"ix":22,"mn":"ADBE Vector Group","hd":false},{"ty":"gr","it":[{"ind":0,"ty":"sh","ix":1,"ks":{"a":0,"k":{"i":[[2.462,1.879],[2.707,2.066],[-1.533,2.01],[-2.845,0.382],[-2.462,-1.878],[2.297,-1.723],[5.752,-4.776],[2.844,-0.383]],"o":[[-2.916,-2.225],[-1.634,-1.246],[1.879,-2.462],[2.845,-0.383],[2.463,1.879],[-3.725,2.793],[-2.383,1.979],[-2.846,0.383]],"v":[[-8.316,8.916],[-7.051,0.481],[-10.43,-6.805],[-2.333,-5.084],[5.29,-8.918],[7.053,-3.439],[6.211,8.367],[-0.902,7.053]],"c":true},"ix":2},"nm":"Path 1","mn":"ADBE Vector Shape - Group","hd":false},{"ty":"fl","c":{"a":0,"k":[0,0,0,1],"ix":4},"o":{"a":0,"k":100,"ix":5},"r":1,"bm":0,"nm":"Fill 1","mn":"ADBE Vector Graphic - Fill","hd":false},{"ty":"tr","p":{"a":0,"k":[55.326,102.747],"ix":2},"a":{"a":0,"k":[0,0],"ix":1},"s":{"a":0,"k":[100,100],"ix":3},"r":{"a":0,"k":0,"ix":6},"o":{"a":0,"k":100,"ix":7},"sk":{"a":0,"k":0,"ix":4},"sa":{"a":0,"k":0,"ix":5},"nm":"Transform"}],"nm":"Group 23","np":2,"cix":2,"bm":0,"ix":23,"mn":"ADBE Vector Group","hd":false},{"ty":"gr","it":[{"ind":0,"ty":"sh","ix":1,"ks":{"a":0,"k":{"i":[[3.096,-0.094],[3.403,-0.103],[0.076,2.526],[-1.967,2.09],[-3.096,0.093],[0.698,-2.784],[1.455,-7.333],[1.967,-2.089]],"o":[[-3.666,0.11],[-2.055,0.062],[-0.094,-3.096],[1.968,-2.09],[3.095,-0.094],[-1.131,4.517],[-0.602,3.039],[-1.968,2.09]],"v":[[-0.372,11.203],[-4.705,3.857],[-11.921,0.33],[-4.552,-3.437],[-1.048,-11.219],[3.772,-8.078],[10.56,1.62],[4.21,5.083]],"c":true},"ix":2},"nm":"Path 1","mn":"ADBE Vector Shape - Group","hd":false},{"ty":"fl","c":{"a":0,"k":[0,0,0,1],"ix":4},"o":{"a":0,"k":100,"ix":5},"r":1,"bm":0,"nm":"Fill 1","mn":"ADBE Vector Graphic - Fill","hd":false},{"ty":"tr","p":{"a":0,"k":[62.807,92.304],"ix":2},"a":{"a":0,"k":[0,0],"ix":1},"s":{"a":0,"k":[100,100],"ix":3},"r":{"a":0,"k":0,"ix":6},"o":{"a":0,"k":100,"ix":7},"sk":{"a":0,"k":0,"ix":4},"sa":{"a":0,"k":0,"ix":5},"nm":"Transform"}],"nm":"Group 24","np":2,"cix":2,"bm":0,"ix":24,"mn":"ADBE Vector Group","hd":false},{"ty":"gr","it":[{"ind":0,"ty":"sh","ix":1,"ks":{"a":0,"k":{"i":[[3.096,-0.093],[3.404,-0.103],[0.077,2.526],[-1.968,2.09],[-3.096,0.093],[0.697,-2.784],[1.455,-7.333],[1.967,-2.089]],"o":[[-3.666,0.11],[-2.054,0.062],[-0.093,-3.096],[1.967,-2.09],[3.096,-0.094],[-1.132,4.517],[-0.603,3.039],[-1.968,2.09]],"v":[[-0.372,11.203],[-4.706,3.857],[-11.922,0.33],[-4.552,-3.437],[-1.049,-11.219],[3.772,-8.078],[10.56,1.62],[4.21,5.083]],"c":true},"ix":2},"nm":"Path 1","mn":"ADBE Vector Shape - Group","hd":false},{"ty":"fl","c":{"a":0,"k":[0,0,0,1],"ix":4},"o":{"a":0,"k":100,"ix":5},"r":1,"bm":0,"nm":"Fill 1","mn":"ADBE Vector Graphic - Fill","hd":false},{"ty":"tr","p":{"a":0,"k":[56.211,101.861],"ix":2},"a":{"a":0,"k":[0,0],"ix":1},"s":{"a":0,"k":[100,100],"ix":3},"r":{"a":0,"k":0,"ix":6},"o":{"a":0,"k":100,"ix":7},"sk":{"a":0,"k":0,"ix":4},"sa":{"a":0,"k":0,"ix":5},"nm":"Transform"}],"nm":"Group 25","np":2,"cix":2,"bm":0,"ix":25,"mn":"ADBE Vector Group","hd":false},{"ty":"gr","it":[{"ind":0,"ty":"sh","ix":1,"ks":{"a":0,"k":{"i":[[1.617,1.271],[1.778,1.398],[-1.037,1.319],[-1.893,0.226],[-1.617,-1.271],[1.541,-1.121],[3.865,-3.116],[1.893,-0.227]],"o":[[-1.914,-1.505],[-1.072,-0.843],[1.272,-1.617],[1.892,-0.227],[1.617,1.272],[-2.501,1.82],[-1.601,1.291],[-1.892,0.227]],"v":[[-5.613,5.855],[-4.692,0.267],[-6.865,-4.603],[-1.506,-3.383],[3.593,-5.855],[4.711,-2.202],[4.037,5.63],[-0.673,4.689]],"c":true},"ix":2},"nm":"Path 1","mn":"ADBE Vector Shape - Group","hd":false},{"ty":"fl","c":{"a":0,"k":[0,0,0,1],"ix":4},"o":{"a":0,"k":100,"ix":5},"r":1,"bm":0,"nm":"Fill 1","mn":"ADBE Vector Graphic - Fill","hd":false},{"ty":"tr","p":{"a":0,"k":[67.357,82.66],"ix":2},"a":{"a":0,"k":[0,0],"ix":1},"s":{"a":0,"k":[100,100],"ix":3},"r":{"a":0,"k":0,"ix":6},"o":{"a":0,"k":100,"ix":7},"sk":{"a":0,"k":0,"ix":4},"sa":{"a":0,"k":0,"ix":5},"nm":"Transform"}],"nm":"Group 26","np":2,"cix":2,"bm":0,"ix":26,"mn":"ADBE Vector Group","hd":false},{"ty":"gr","it":[{"ind":0,"ty":"sh","ix":1,"ks":{"a":0,"k":{"i":[[-1.678,-1.347],[-1.845,-1.48],[1.098,-1.369],[1.982,-0.217],[1.677,1.347],[-1.624,1.157],[-4.075,3.22],[-1.982,0.217]],"o":[[1.987,1.595],[1.113,0.894],[-1.347,1.678],[-1.982,0.217],[-1.678,-1.347],[2.634,-1.876],[1.689,-1.333],[1.982,-0.217]],"v":[[5.937,-6.076],[4.915,-0.241],[7.137,4.876],[1.544,3.544],[-3.815,6.076],[-4.946,2.242],[-4.16,-5.943],[0.757,-4.909]],"c":true},"ix":2},"nm":"Path 1","mn":"ADBE Vector Shape - Group","hd":false},{"ty":"fl","c":{"a":0,"k":[0,0,0,1],"ix":4},"o":{"a":0,"k":100,"ix":5},"r":1,"bm":0,"nm":"Fill 1","mn":"ADBE Vector Graphic - Fill","hd":false},{"ty":"tr","p":{"a":0,"k":[72.603,77.641],"ix":2},"a":{"a":0,"k":[0,0],"ix":1},"s":{"a":0,"k":[100,100],"ix":3},"r":{"a":0,"k":0,"ix":6},"o":{"a":0,"k":100,"ix":7},"sk":{"a":0,"k":0,"ix":4},"sa":{"a":0,"k":0,"ix":5},"nm":"Transform"}],"nm":"Group 27","np":2,"cix":2,"bm":0,"ix":27,"mn":"ADBE Vector Group","hd":false},{"ty":"gr","it":[{"ind":0,"ty":"sh","ix":1,"ks":{"a":0,"k":{"i":[[-0.405,-2.017],[-0.445,-2.216],[1.645,-0.33],[1.587,1.056],[0.405,2.016],[-1.9,-0.148],[-4.963,-0.139],[-1.586,-1.056]],"o":[[0.479,2.388],[0.268,1.338],[-2.017,0.405],[-1.586,-1.056],[-0.404,-2.016],[3.082,0.239],[2.055,0.057],[1.587,1.056]],"v":[[7.265,-1.47],[2.937,2.182],[1.428,7.297],[-1.857,2.891],[-7.34,1.461],[-5.818,-2.043],[-0.221,-7.563],[2.749,-3.79]],"c":true},"ix":2},"nm":"Path 1","mn":"ADBE Vector Shape - Group","hd":false},{"ty":"fl","c":{"a":0,"k":[0,0,0,1],"ix":4},"o":{"a":0,"k":100,"ix":5},"r":1,"bm":0,"nm":"Fill 1","mn":"ADBE Vector Graphic - Fill","hd":false},{"ty":"tr","p":{"a":0,"k":[74.33,80.49],"ix":2},"a":{"a":0,"k":[0,0],"ix":1},"s":{"a":0,"k":[100,100],"ix":3},"r":{"a":0,"k":0,"ix":6},"o":{"a":0,"k":100,"ix":7},"sk":{"a":0,"k":0,"ix":4},"sa":{"a":0,"k":0,"ix":5},"nm":"Transform"}],"nm":"Group 28","np":2,"cix":2,"bm":0,"ix":28,"mn":"ADBE Vector Group","hd":false},{"ty":"gr","it":[{"ind":0,"ty":"sh","ix":1,"ks":{"a":0,"k":{"i":[[-1.678,-1.346],[-1.845,-1.48],[1.099,-1.37],[1.982,-0.217],[1.678,1.347],[-1.624,1.157],[-4.075,3.219],[-1.982,0.218]],"o":[[1.986,1.595],[1.113,0.894],[-1.346,1.677],[-1.982,0.217],[-1.678,-1.346],[2.634,-1.877],[1.688,-1.334],[1.982,-0.216]],"v":[[5.937,-6.077],[4.915,-0.242],[7.136,4.876],[1.544,3.544],[-3.816,6.076],[-4.946,2.242],[-4.16,-5.943],[0.757,-4.91]],"c":true},"ix":2},"nm":"Path 1","mn":"ADBE Vector Shape - Group","hd":false},{"ty":"fl","c":{"a":0,"k":[0,0,0,1],"ix":4},"o":{"a":0,"k":100,"ix":5},"r":1,"bm":0,"nm":"Fill 1","mn":"ADBE Vector Graphic - Fill","hd":false},{"ty":"tr","p":{"a":0,"k":[79.464,71.29],"ix":2},"a":{"a":0,"k":[0,0],"ix":1},"s":{"a":0,"k":[100,100],"ix":3},"r":{"a":0,"k":0,"ix":6},"o":{"a":0,"k":100,"ix":7},"sk":{"a":0,"k":0,"ix":4},"sa":{"a":0,"k":0,"ix":5},"nm":"Transform"}],"nm":"Group 29","np":2,"cix":2,"bm":0,"ix":29,"mn":"ADBE Vector Group","hd":false},{"ty":"gr","it":[{"ind":0,"ty":"sh","ix":1,"ks":{"a":0,"k":{"i":[[-0.404,-2.016],[-0.445,-2.216],[1.645,-0.33],[1.586,1.056],[0.405,2.017],[-1.9,-0.148],[-4.962,-0.139],[-1.586,-1.056]],"o":[[0.479,2.388],[0.268,1.338],[-2.017,0.404],[-1.587,-1.056],[-0.404,-2.016],[3.082,0.24],[2.056,0.057],[1.587,1.056]],"v":[[7.265,-1.47],[2.937,2.182],[1.428,7.298],[-1.855,2.891],[-7.34,1.461],[-5.818,-2.043],[-0.221,-7.563],[2.749,-3.79]],"c":true},"ix":2},"nm":"Path 1","mn":"ADBE Vector Shape - Group","hd":false},{"ty":"fl","c":{"a":0,"k":[0,0,0,1],"ix":4},"o":{"a":0,"k":100,"ix":5},"r":1,"bm":0,"nm":"Fill 1","mn":"ADBE Vector Graphic - Fill","hd":false},{"ty":"tr","p":{"a":0,"k":[81.19,74.139],"ix":2},"a":{"a":0,"k":[0,0],"ix":1},"s":{"a":0,"k":[100,100],"ix":3},"r":{"a":0,"k":0,"ix":6},"o":{"a":0,"k":100,"ix":7},"sk":{"a":0,"k":0,"ix":4},"sa":{"a":0,"k":0,"ix":5},"nm":"Transform"}],"nm":"Group 30","np":2,"cix":2,"bm":0,"ix":30,"mn":"ADBE Vector Group","hd":false},{"ty":"gr","it":[{"ind":0,"ty":"sh","ix":1,"ks":{"a":0,"k":{"i":[[2.142,0.199],[2.355,0.219],[-0.162,1.748],[-1.534,1.273],[-2.142,-0.199],[0.718,-1.86],[1.627,-4.932],[1.534,-1.274]],"o":[[-2.537,-0.236],[-1.421,-0.132],[0.2,-2.142],[1.534,-1.274],[2.142,0.199],[-1.165,3.017],[-0.674,2.043],[-1.535,1.273]],"v":[[-1.391,7.757],[-3.753,2.324],[-8.426,-0.722],[-3.025,-2.691],[0.053,-7.757],[3.109,-5.181],[6.962,2.083],[2.289,3.929]],"c":true},"ix":2},"nm":"Path 1","mn":"ADBE Vector Shape - Group","hd":false},{"ty":"fl","c":{"a":0,"k":[0,0,0,1],"ix":4},"o":{"a":0,"k":100,"ix":5},"r":1,"bm":0,"nm":"Fill 1","mn":"ADBE Vector Graphic - Fill","hd":false},{"ty":"tr","p":{"a":0,"k":[88.229,68.5],"ix":2},"a":{"a":0,"k":[0,0],"ix":1},"s":{"a":0,"k":[100,100],"ix":3},"r":{"a":0,"k":0,"ix":6},"o":{"a":0,"k":100,"ix":7},"sk":{"a":0,"k":0,"ix":4},"sa":{"a":0,"k":0,"ix":5},"nm":"Transform"}],"nm":"Group 31","np":2,"cix":2,"bm":0,"ix":31,"mn":"ADBE Vector Group","hd":false},{"ty":"gr","it":[{"ind":0,"ty":"sh","ix":1,"ks":{"a":0,"k":{"i":[[1.449,1.459],[1.592,1.605],[-1.191,1.182],[-1.906,-0.007],[-1.448,-1.459],[1.667,-0.924],[4.217,-2.618],[1.906,0.007]],"o":[[-1.715,-1.729],[-0.962,-0.968],[1.46,-1.449],[1.906,0.007],[1.449,1.46],[-2.704,1.498],[-1.748,1.085],[-1.906,-0.007]],"v":[[-6.053,4.968],[-4.454,-0.465],[-6.014,-5.564],[-0.846,-3.697],[4.519,-5.525],[5.18,-1.761],[3.551,5.928],[-1.008,4.417]],"c":true},"ix":2},"nm":"Path 1","mn":"ADBE Vector Shape - Group","hd":false},{"ty":"fl","c":{"a":0,"k":[0,0,0,1],"ix":4},"o":{"a":0,"k":100,"ix":5},"r":1,"bm":0,"nm":"Fill 1","mn":"ADBE Vector Graphic - Fill","hd":false},{"ty":"tr","p":{"a":0,"k":[86.236,66.751],"ix":2},"a":{"a":0,"k":[0,0],"ix":1},"s":{"a":0,"k":[100,100],"ix":3},"r":{"a":0,"k":0,"ix":6},"o":{"a":0,"k":100,"ix":7},"sk":{"a":0,"k":0,"ix":4},"sa":{"a":0,"k":0,"ix":5},"nm":"Transform"}],"nm":"Group 32","np":2,"cix":2,"bm":0,"ix":32,"mn":"ADBE Vector Group","hd":false},{"ty":"gr","it":[{"ind":0,"ty":"sh","ix":1,"ks":{"a":0,"k":{"i":[[-1.5,-1.542],[-1.65,-1.696],[1.257,-1.224],[1.994,0.027],[1.5,1.542],[-1.754,0.949],[-4.439,2.694],[-1.994,-0.027]],"o":[[1.776,1.826],[0.995,1.023],[-1.543,1.5],[-1.993,-0.028],[-1.5,-1.542],[2.844,-1.539],[1.839,-1.117],[1.993,0.028]],"v":[[6.35,-5.148],[4.62,0.518],[6.198,5.87],[0.81,3.861],[-4.819,5.717],[-5.471,1.773],[-3.687,-6.253],[1.066,-4.625]],"c":true},"ix":2},"nm":"Path 1","mn":"ADBE Vector Shape - Group","hd":false},{"ty":"fl","c":{"a":0,"k":[0,0,0,1],"ix":4},"o":{"a":0,"k":100,"ix":5},"r":1,"bm":0,"nm":"Fill 1","mn":"ADBE Vector Graphic - Fill","hd":false},{"ty":"tr","p":{"a":0,"k":[92.58,62.105],"ix":2},"a":{"a":0,"k":[0,0],"ix":1},"s":{"a":0,"k":[100,100],"ix":3},"r":{"a":0,"k":0,"ix":6},"o":{"a":0,"k":100,"ix":7},"sk":{"a":0,"k":0,"ix":4},"sa":{"a":0,"k":0,"ix":5},"nm":"Transform"}],"nm":"Group 33","np":2,"cix":2,"bm":0,"ix":33,"mn":"ADBE Vector Group","hd":false},{"ty":"gr","it":[{"ind":0,"ty":"sh","ix":1,"ks":{"a":0,"k":{"i":[[-0.154,-2.051],[-0.17,-2.255],[1.673,-0.126],[1.445,1.243],[0.155,2.051],[-1.868,-0.38],[-4.907,-0.746],[-1.445,-1.243]],"o":[[0.183,2.428],[0.102,1.361],[-2.051,0.155],[-1.445,-1.243],[-0.154,-2.051],[3.03,0.615],[2.034,0.308],[1.445,1.242]],"v":[[7.412,-0.215],[2.669,2.88],[0.545,7.77],[-2.174,2.995],[-7.441,0.904],[-5.501,-2.387],[0.729,-7.18],[3.216,-3.07]],"c":true},"ix":2},"nm":"Path 1","mn":"ADBE Vector Shape - Group","hd":false},{"ty":"fl","c":{"a":0,"k":[0,0,0,1],"ix":4},"o":{"a":0,"k":100,"ix":5},"r":1,"bm":0,"nm":"Fill 1","mn":"ADBE Vector Graphic - Fill","hd":false},{"ty":"tr","p":{"a":0,"k":[93.634,64.945],"ix":2},"a":{"a":0,"k":[0,0],"ix":1},"s":{"a":0,"k":[100,100],"ix":3},"r":{"a":0,"k":0,"ix":6},"o":{"a":0,"k":100,"ix":7},"sk":{"a":0,"k":0,"ix":4},"sa":{"a":0,"k":0,"ix":5},"nm":"Transform"}],"nm":"Group 34","np":2,"cix":2,"bm":0,"ix":34,"mn":"ADBE Vector Group","hd":false},{"ty":"gr","it":[{"ind":0,"ty":"sh","ix":1,"ks":{"a":0,"k":{"i":[[-1.5,-1.542],[-1.649,-1.695],[1.258,-1.224],[1.994,0.028],[1.5,1.543],[-1.754,0.949],[-4.439,2.694],[-1.994,-0.027]],"o":[[1.776,1.826],[0.995,1.023],[-1.542,1.5],[-1.994,-0.028],[-1.5,-1.542],[2.844,-1.539],[1.839,-1.117],[1.993,0.028]],"v":[[6.35,-5.148],[4.62,0.518],[6.198,5.87],[0.811,3.861],[-4.819,5.717],[-5.471,1.773],[-3.687,-6.253],[1.066,-4.625]],"c":true},"ix":2},"nm":"Path 1","mn":"ADBE Vector Shape - Group","hd":false},{"ty":"fl","c":{"a":0,"k":[0,0,0,1],"ix":4},"o":{"a":0,"k":100,"ix":5},"r":1,"bm":0,"nm":"Fill 1","mn":"ADBE Vector Graphic - Fill","hd":false},{"ty":"tr","p":{"a":0,"k":[100.167,56.642],"ix":2},"a":{"a":0,"k":[0,0],"ix":1},"s":{"a":0,"k":[100,100],"ix":3},"r":{"a":0,"k":0,"ix":6},"o":{"a":0,"k":100,"ix":7},"sk":{"a":0,"k":0,"ix":4},"sa":{"a":0,"k":0,"ix":5},"nm":"Transform"}],"nm":"Group 35","np":2,"cix":2,"bm":0,"ix":35,"mn":"ADBE Vector Group","hd":false},{"ty":"gr","it":[{"ind":0,"ty":"sh","ix":1,"ks":{"a":0,"k":{"i":[[-0.154,-2.051],[-0.17,-2.255],[1.673,-0.126],[1.445,1.243],[0.155,2.051],[-1.868,-0.38],[-4.908,-0.746],[-1.445,-1.243]],"o":[[0.183,2.428],[0.102,1.361],[-2.051,0.154],[-1.445,-1.243],[-0.154,-2.051],[3.03,0.616],[2.033,0.309],[1.446,1.242]],"v":[[7.412,-0.215],[2.669,2.88],[0.545,7.771],[-2.174,2.995],[-7.441,0.904],[-5.501,-2.387],[0.73,-7.18],[3.216,-3.07]],"c":true},"ix":2},"nm":"Path 1","mn":"ADBE Vector Shape - Group","hd":false},{"ty":"fl","c":{"a":0,"k":[0,0,0,1],"ix":4},"o":{"a":0,"k":100,"ix":5},"r":1,"bm":0,"nm":"Fill 1","mn":"ADBE Vector Graphic - Fill","hd":false},{"ty":"tr","p":{"a":0,"k":[101.222,59.482],"ix":2},"a":{"a":0,"k":[0,0],"ix":1},"s":{"a":0,"k":[100,100],"ix":3},"r":{"a":0,"k":0,"ix":6},"o":{"a":0,"k":100,"ix":7},"sk":{"a":0,"k":0,"ix":4},"sa":{"a":0,"k":0,"ix":5},"nm":"Transform"}],"nm":"Group 36","np":2,"cix":2,"bm":0,"ix":36,"mn":"ADBE Vector Group","hd":false},{"ty":"gr","it":[{"ind":0,"ty":"sh","ix":1,"ks":{"a":0,"k":{"i":[[1.985,0.83],[2.182,0.913],[-0.677,1.62],[-1.845,0.756],[-1.985,-0.83],[1.24,-1.56],[3.027,-4.221],[1.845,-0.757]],"o":[[-2.35,-0.983],[-1.317,-0.55],[0.831,-1.984],[1.845,-0.757],[1.985,0.831],[-2.014,2.531],[-1.253,1.748],[-1.844,0.757]],"v":[[-3.917,7.188],[-4.548,1.297],[-8.099,-3.007],[-2.355,-3.272],[2.096,-7.188],[4.243,-3.816],[5.749,4.269],[0.738,4.634]],"c":true},"ix":2},"nm":"Path 1","mn":"ADBE Vector Shape - Group","hd":false},{"ty":"fl","c":{"a":0,"k":[0,0,0,1],"ix":4},"o":{"a":0,"k":100,"ix":5},"r":1,"bm":0,"nm":"Fill 1","mn":"ADBE Vector Graphic - Fill","hd":false},{"ty":"tr","p":{"a":0,"k":[111.204,52.395],"ix":2},"a":{"a":0,"k":[0,0],"ix":1},"s":{"a":0,"k":[100,100],"ix":3},"r":{"a":0,"k":0,"ix":6},"o":{"a":0,"k":100,"ix":7},"sk":{"a":0,"k":0,"ix":4},"sa":{"a":0,"k":0,"ix":5},"nm":"Transform"}],"nm":"Group 37","np":2,"cix":2,"bm":0,"ix":37,"mn":"ADBE Vector Group","hd":false},{"ty":"gr","it":[{"ind":0,"ty":"sh","ix":1,"ks":{"a":0,"k":{"i":[[0.946,1.826],[1.041,2.008],[-1.49,0.772],[-1.816,-0.577],[-0.946,-1.826],[1.868,-0.384],[4.807,-1.239],[1.817,0.576]],"o":[[-1.121,-2.162],[-0.628,-1.211],[1.826,-0.946],[1.817,0.576],[0.946,1.826],[-3.028,0.622],[-1.992,0.513],[-1.817,-0.576]],"v":[[-6.738,3.342],[-3.59,-1.365],[-3.553,-6.696],[0.821,-3.37],[6.486,-3.512],[5.992,0.278],[2.141,7.13],[-1.758,4.325]],"c":true},"ix":2},"nm":"Path 1","mn":"ADBE Vector Shape - Group","hd":false},{"ty":"fl","c":{"a":0,"k":[0,0,0,1],"ix":4},"o":{"a":0,"k":100,"ix":5},"r":1,"bm":0,"nm":"Fill 1","mn":"ADBE Vector Graphic - Fill","hd":false},{"ty":"tr","p":{"a":0,"k":[109.03,49.92],"ix":2},"a":{"a":0,"k":[0,0],"ix":1},"s":{"a":0,"k":[100,100],"ix":3},"r":{"a":0,"k":0,"ix":6},"o":{"a":0,"k":100,"ix":7},"sk":{"a":0,"k":0,"ix":4},"sa":{"a":0,"k":0,"ix":5},"nm":"Transform"}],"nm":"Group 38","np":2,"cix":2,"bm":0,"ix":38,"mn":"ADBE Vector Group","hd":false},{"ty":"gr","it":[{"ind":0,"ty":"sh","ix":1,"ks":{"a":0,"k":{"i":[[-0.971,-1.92],[-1.067,-2.111],[1.566,-0.792],[1.895,0.622],[0.971,1.92],[-1.957,0.381],[-5.042,1.245],[-1.894,-0.621]],"o":[[1.149,2.273],[0.644,1.274],[-1.92,0.97],[-1.894,-0.622],[-0.97,-1.919],[3.175,-0.619],[2.089,-0.516],[1.894,0.622]],"v":[[7.079,-3.434],[3.735,1.456],[3.642,7.034],[-0.9,3.508],[-6.827,3.596],[-6.271,-0.361],[-2.169,-7.488],[1.88,-4.514]],"c":true},"ix":2},"nm":"Path 1","mn":"ADBE Vector Shape - Group","hd":false},{"ty":"fl","c":{"a":0,"k":[0,0,0,1],"ix":4},"o":{"a":0,"k":100,"ix":5},"r":1,"bm":0,"nm":"Fill 1","mn":"ADBE Vector Graphic - Fill","hd":false},{"ty":"tr","p":{"a":0,"k":[117.514,48.211],"ix":2},"a":{"a":0,"k":[0,0],"ix":1},"s":{"a":0,"k":[100,100],"ix":3},"r":{"a":0,"k":0,"ix":6},"o":{"a":0,"k":100,"ix":7},"sk":{"a":0,"k":0,"ix":4},"sa":{"a":0,"k":0,"ix":5},"nm":"Transform"}],"nm":"Group 39","np":2,"cix":2,"bm":0,"ix":39,"mn":"ADBE Vector Group","hd":false},{"ty":"gr","it":[{"ind":0,"ty":"sh","ix":1,"ks":{"a":0,"k":{"i":[[0.465,-2.003],[0.512,-2.202],[1.634,0.379],[1.007,1.617],[-0.466,2.003],[-1.669,-0.92],[-4.461,-2.178],[-1.007,-1.618]],"o":[[-0.551,2.372],[-0.309,1.33],[-2.004,-0.466],[-1.008,-1.618],[0.465,-2.003],[2.708,1.494],[1.848,0.902],[1.008,1.618]],"v":[[7.255,2.437],[1.803,3.972],[-1.685,8.006],[-2.853,2.636],[-7.254,-0.934],[-4.42,-3.496],[2.958,-6.207],[4.104,-1.543]],"c":true},"ix":2},"nm":"Path 1","mn":"ADBE Vector Shape - Group","hd":false},{"ty":"fl","c":{"a":0,"k":[0,0,0,1],"ix":4},"o":{"a":0,"k":100,"ix":5},"r":1,"bm":0,"nm":"Fill 1","mn":"ADBE Vector Graphic - Fill","hd":false},{"ty":"tr","p":{"a":0,"k":[117.036,50.39],"ix":2},"a":{"a":0,"k":[0,0],"ix":1},"s":{"a":0,"k":[100,100],"ix":3},"r":{"a":0,"k":0,"ix":6},"o":{"a":0,"k":100,"ix":7},"sk":{"a":0,"k":0,"ix":4},"sa":{"a":0,"k":0,"ix":5},"nm":"Transform"}],"nm":"Group 40","np":2,"cix":2,"bm":0,"ix":40,"mn":"ADBE Vector Group","hd":false},{"ty":"gr","it":[{"ind":0,"ty":"sh","ix":1,"ks":{"a":0,"k":{"i":[[-0.971,-1.92],[-1.067,-2.111],[1.566,-0.792],[1.895,0.622],[0.971,1.92],[-1.957,0.381],[-5.042,1.245],[-1.894,-0.622]],"o":[[1.149,2.273],[0.644,1.274],[-1.92,0.97],[-1.894,-0.622],[-0.97,-1.92],[3.175,-0.619],[2.089,-0.516],[1.894,0.622]],"v":[[7.079,-3.434],[3.734,1.456],[3.641,7.034],[-0.9,3.508],[-6.827,3.596],[-6.271,-0.361],[-2.169,-7.488],[1.88,-4.514]],"c":true},"ix":2},"nm":"Path 1","mn":"ADBE Vector Shape - Group","hd":false},{"ty":"fl","c":{"a":0,"k":[0,0,0,1],"ix":4},"o":{"a":0,"k":100,"ix":5},"r":1,"bm":0,"nm":"Fill 1","mn":"ADBE Vector Graphic - Fill","hd":false},{"ty":"tr","p":{"a":0,"k":[126.387,45.266],"ix":2},"a":{"a":0,"k":[0,0],"ix":1},"s":{"a":0,"k":[100,100],"ix":3},"r":{"a":0,"k":0,"ix":6},"o":{"a":0,"k":100,"ix":7},"sk":{"a":0,"k":0,"ix":4},"sa":{"a":0,"k":0,"ix":5},"nm":"Transform"}],"nm":"Group 41","np":2,"cix":2,"bm":0,"ix":41,"mn":"ADBE Vector Group","hd":false},{"ty":"gr","it":[{"ind":0,"ty":"sh","ix":1,"ks":{"a":0,"k":{"i":[[0.465,-2.003],[0.512,-2.202],[1.634,0.38],[1.007,1.617],[-0.466,2.003],[-1.669,-0.92],[-4.461,-2.179],[-1.007,-1.618]],"o":[[-0.551,2.372],[-0.309,1.329],[-2.004,-0.465],[-1.008,-1.618],[0.465,-2.004],[2.708,1.494],[1.848,0.902],[1.008,1.618]],"v":[[7.255,2.438],[1.803,3.973],[-1.685,8.006],[-2.853,2.637],[-7.254,-0.934],[-4.42,-3.495],[2.958,-6.206],[4.104,-1.543]],"c":true},"ix":2},"nm":"Path 1","mn":"ADBE Vector Shape - Group","hd":false},{"ty":"fl","c":{"a":0,"k":[0,0,0,1],"ix":4},"o":{"a":0,"k":100,"ix":5},"r":1,"bm":0,"nm":"Fill 1","mn":"ADBE Vector Graphic - Fill","hd":false},{"ty":"tr","p":{"a":0,"k":[125.909,47.444],"ix":2},"a":{"a":0,"k":[0,0],"ix":1},"s":{"a":0,"k":[100,100],"ix":3},"r":{"a":0,"k":0,"ix":6},"o":{"a":0,"k":100,"ix":7},"sk":{"a":0,"k":0,"ix":4},"sa":{"a":0,"k":0,"ix":5},"nm":"Transform"}],"nm":"Group 42","np":2,"cix":2,"bm":0,"ix":42,"mn":"ADBE Vector Group","hd":false},{"ty":"gr","it":[{"ind":0,"ty":"sh","ix":1,"ks":{"a":0,"k":{"i":[[1.985,0.831],[2.182,0.913],[-0.677,1.619],[-1.845,0.756],[-1.985,-0.831],[1.24,-1.56],[3.026,-4.221],[1.844,-0.757]],"o":[[-2.35,-0.983],[-1.317,-0.55],[0.831,-1.985],[1.845,-0.757],[1.985,0.83],[-2.014,2.532],[-1.254,1.748],[-1.845,0.757]],"v":[[-3.917,7.187],[-4.548,1.296],[-8.099,-3.006],[-2.355,-3.272],[2.095,-7.187],[4.242,-3.816],[5.749,4.268],[0.738,4.633]],"c":true},"ix":2},"nm":"Path 1","mn":"ADBE Vector Shape - Group","hd":false},{"ty":"fl","c":{"a":0,"k":[0,0,0,1],"ix":4},"o":{"a":0,"k":100,"ix":5},"r":1,"bm":0,"nm":"Fill 1","mn":"ADBE Vector Graphic - Fill","hd":false},{"ty":"tr","p":{"a":0,"k":[134.151,44.303],"ix":2},"a":{"a":0,"k":[0,0],"ix":1},"s":{"a":0,"k":[100,100],"ix":3},"r":{"a":0,"k":0,"ix":6},"o":{"a":0,"k":100,"ix":7},"sk":{"a":0,"k":0,"ix":4},"sa":{"a":0,"k":0,"ix":5},"nm":"Transform"}],"nm":"Group 43","np":2,"cix":2,"bm":0,"ix":43,"mn":"ADBE Vector Group","hd":false},{"ty":"gr","it":[{"ind":0,"ty":"sh","ix":1,"ks":{"a":0,"k":{"i":[[0.946,1.826],[1.041,2.007],[-1.49,0.772],[-1.816,-0.577],[-0.946,-1.826],[1.867,-0.384],[4.807,-1.239],[1.817,0.577]],"o":[[-1.121,-2.162],[-0.628,-1.212],[1.826,-0.946],[1.817,0.576],[0.946,1.826],[-3.029,0.622],[-1.992,0.513],[-1.817,-0.576]],"v":[[-6.738,3.342],[-3.59,-1.363],[-3.553,-6.697],[0.82,-3.37],[6.486,-3.512],[5.992,0.277],[2.141,7.129],[-1.758,4.324]],"c":true},"ix":2},"nm":"Path 1","mn":"ADBE Vector Shape - Group","hd":false},{"ty":"fl","c":{"a":0,"k":[0,0,0,1],"ix":4},"o":{"a":0,"k":100,"ix":5},"r":1,"bm":0,"nm":"Fill 1","mn":"ADBE Vector Graphic - Fill","hd":false},{"ty":"tr","p":{"a":0,"k":[131.976,41.828],"ix":2},"a":{"a":0,"k":[0,0],"ix":1},"s":{"a":0,"k":[100,100],"ix":3},"r":{"a":0,"k":0,"ix":6},"o":{"a":0,"k":100,"ix":7},"sk":{"a":0,"k":0,"ix":4},"sa":{"a":0,"k":0,"ix":5},"nm":"Transform"}],"nm":"Group 44","np":2,"cix":2,"bm":0,"ix":44,"mn":"ADBE Vector Group","hd":false},{"ty":"gr","it":[{"ind":0,"ty":"sh","ix":1,"ks":{"a":0,"k":{"i":[[-0.971,-1.92],[-1.068,-2.111],[1.567,-0.792],[1.894,0.622],[0.97,1.92],[-1.956,0.382],[-5.042,1.245],[-1.895,-0.622]],"o":[[1.149,2.273],[0.644,1.274],[-1.919,0.97],[-1.895,-0.622],[-0.971,-1.92],[3.175,-0.619],[2.088,-0.516],[1.894,0.622]],"v":[[7.079,-3.434],[3.734,1.456],[3.641,7.034],[-0.9,3.508],[-6.827,3.597],[-6.271,-0.361],[-2.169,-7.488],[1.88,-4.513]],"c":true},"ix":2},"nm":"Path 1","mn":"ADBE Vector Shape - Group","hd":false},{"ty":"fl","c":{"a":0,"k":[0,0,0,1],"ix":4},"o":{"a":0,"k":100,"ix":5},"r":1,"bm":0,"nm":"Fill 1","mn":"ADBE Vector Graphic - Fill","hd":false},{"ty":"tr","p":{"a":0,"k":[140.461,40.119],"ix":2},"a":{"a":0,"k":[0,0],"ix":1},"s":{"a":0,"k":[100,100],"ix":3},"r":{"a":0,"k":0,"ix":6},"o":{"a":0,"k":100,"ix":7},"sk":{"a":0,"k":0,"ix":4},"sa":{"a":0,"k":0,"ix":5},"nm":"Transform"}],"nm":"Group 45","np":2,"cix":2,"bm":0,"ix":45,"mn":"ADBE Vector Group","hd":false},{"ty":"gr","it":[{"ind":0,"ty":"sh","ix":1,"ks":{"a":0,"k":{"i":[[0.466,-2.003],[0.512,-2.203],[1.634,0.38],[1.007,1.617],[-0.466,2.003],[-1.669,-0.921],[-4.46,-2.178],[-1.008,-1.619]],"o":[[-0.551,2.372],[-0.309,1.329],[-2.004,-0.465],[-1.008,-1.618],[0.465,-2.003],[2.708,1.493],[1.848,0.903],[1.007,1.617]],"v":[[7.254,2.436],[1.803,3.973],[-1.685,8.005],[-2.853,2.635],[-7.254,-0.935],[-4.42,-3.496],[2.958,-6.208],[4.104,-1.543]],"c":true},"ix":2},"nm":"Path 1","mn":"ADBE Vector Shape - Group","hd":false},{"ty":"fl","c":{"a":0,"k":[0,0,0,1],"ix":4},"o":{"a":0,"k":100,"ix":5},"r":1,"bm":0,"nm":"Fill 1","mn":"ADBE Vector Graphic - Fill","hd":false},{"ty":"tr","p":{"a":0,"k":[139.983,42.299],"ix":2},"a":{"a":0,"k":[0,0],"ix":1},"s":{"a":0,"k":[100,100],"ix":3},"r":{"a":0,"k":0,"ix":6},"o":{"a":0,"k":100,"ix":7},"sk":{"a":0,"k":0,"ix":4},"sa":{"a":0,"k":0,"ix":5},"nm":"Transform"}],"nm":"Group 46","np":2,"cix":2,"bm":0,"ix":46,"mn":"ADBE Vector Group","hd":false},{"ty":"gr","it":[{"ind":0,"ty":"sh","ix":1,"ks":{"a":0,"k":{"i":[[-0.971,-1.92],[-1.068,-2.111],[1.567,-0.792],[1.894,0.622],[0.97,1.92],[-1.956,0.381],[-5.042,1.245],[-1.895,-0.621]],"o":[[1.149,2.273],[0.644,1.274],[-1.919,0.97],[-1.895,-0.622],[-0.971,-1.92],[3.175,-0.619],[2.088,-0.516],[1.894,0.622]],"v":[[7.079,-3.434],[3.734,1.456],[3.641,7.034],[-0.9,3.508],[-6.827,3.597],[-6.271,-0.361],[-2.169,-7.488],[1.88,-4.514]],"c":true},"ix":2},"nm":"Path 1","mn":"ADBE Vector Shape - Group","hd":false},{"ty":"fl","c":{"a":0,"k":[0,0,0,1],"ix":4},"o":{"a":0,"k":100,"ix":5},"r":1,"bm":0,"nm":"Fill 1","mn":"ADBE Vector Graphic - Fill","hd":false},{"ty":"tr","p":{"a":0,"k":[149.334,37.174],"ix":2},"a":{"a":0,"k":[0,0],"ix":1},"s":{"a":0,"k":[100,100],"ix":3},"r":{"a":0,"k":0,"ix":6},"o":{"a":0,"k":100,"ix":7},"sk":{"a":0,"k":0,"ix":4},"sa":{"a":0,"k":0,"ix":5},"nm":"Transform"}],"nm":"Group 47","np":2,"cix":2,"bm":0,"ix":47,"mn":"ADBE Vector Group","hd":false},{"ty":"gr","it":[{"ind":0,"ty":"sh","ix":1,"ks":{"a":0,"k":{"i":[[0.466,-2.003],[0.512,-2.202],[1.634,0.379],[1.007,1.617],[-0.466,2.003],[-1.669,-0.92],[-4.46,-2.178],[-1.008,-1.618]],"o":[[-0.551,2.372],[-0.309,1.33],[-2.004,-0.465],[-1.008,-1.618],[0.465,-2.003],[2.708,1.494],[1.848,0.902],[1.007,1.618]],"v":[[7.254,2.437],[1.803,3.972],[-1.685,8.006],[-2.853,2.636],[-7.254,-0.934],[-4.42,-3.496],[2.958,-6.207],[4.104,-1.543]],"c":true},"ix":2},"nm":"Path 1","mn":"ADBE Vector Shape - Group","hd":false},{"ty":"fl","c":{"a":0,"k":[0,0,0,1],"ix":4},"o":{"a":0,"k":100,"ix":5},"r":1,"bm":0,"nm":"Fill 1","mn":"ADBE Vector Graphic - Fill","hd":false},{"ty":"tr","p":{"a":0,"k":[148.856,39.353],"ix":2},"a":{"a":0,"k":[0,0],"ix":1},"s":{"a":0,"k":[100,100],"ix":3},"r":{"a":0,"k":0,"ix":6},"o":{"a":0,"k":100,"ix":7},"sk":{"a":0,"k":0,"ix":4},"sa":{"a":0,"k":0,"ix":5},"nm":"Transform"}],"nm":"Group 48","np":2,"cix":2,"bm":0,"ix":48,"mn":"ADBE Vector Group","hd":false},{"ty":"gr","it":[{"ind":0,"ty":"sh","ix":1,"ks":{"a":0,"k":{"i":[[-0.971,-1.92],[-1.067,-2.111],[1.566,-0.792],[1.895,0.622],[0.971,1.92],[-1.957,0.382],[-5.042,1.245],[-1.894,-0.622]],"o":[[1.149,2.273],[0.644,1.274],[-1.92,0.97],[-1.894,-0.622],[-0.97,-1.92],[3.175,-0.619],[2.089,-0.516],[1.894,0.622]],"v":[[7.079,-3.434],[3.734,1.456],[3.641,7.034],[-0.9,3.508],[-6.827,3.597],[-6.271,-0.361],[-2.169,-7.488],[1.88,-4.513]],"c":true},"ix":2},"nm":"Path 1","mn":"ADBE Vector Shape - Group","hd":false},{"ty":"fl","c":{"a":0,"k":[0,0,0,1],"ix":4},"o":{"a":0,"k":100,"ix":5},"r":1,"bm":0,"nm":"Fill 1","mn":"ADBE Vector Graphic - Fill","hd":false},{"ty":"tr","p":{"a":0,"k":[159.556,37.564],"ix":2},"a":{"a":0,"k":[0,0],"ix":1},"s":{"a":0,"k":[100,100],"ix":3},"r":{"a":0,"k":0,"ix":6},"o":{"a":0,"k":100,"ix":7},"sk":{"a":0,"k":0,"ix":4},"sa":{"a":0,"k":0,"ix":5},"nm":"Transform"}],"nm":"Group 49","np":2,"cix":2,"bm":0,"ix":49,"mn":"ADBE Vector Group","hd":false},{"ty":"gr","it":[{"ind":0,"ty":"sh","ix":1,"ks":{"a":0,"k":{"i":[[0.465,-2.003],[0.512,-2.203],[1.634,0.38],[1.007,1.617],[-0.466,2.003],[-1.669,-0.92],[-4.461,-2.178],[-1.008,-1.619]],"o":[[-0.551,2.372],[-0.309,1.329],[-2.004,-0.465],[-1.008,-1.618],[0.465,-2.003],[2.708,1.494],[1.848,0.903],[1.008,1.617]],"v":[[7.255,2.436],[1.803,3.973],[-1.685,8.005],[-2.853,2.635],[-7.254,-0.934],[-4.42,-3.496],[2.958,-6.207],[4.104,-1.542]],"c":true},"ix":2},"nm":"Path 1","mn":"ADBE Vector Shape - Group","hd":false},{"ty":"fl","c":{"a":0,"k":[0,0,0,1],"ix":4},"o":{"a":0,"k":100,"ix":5},"r":1,"bm":0,"nm":"Fill 1","mn":"ADBE Vector Graphic - Fill","hd":false},{"ty":"tr","p":{"a":0,"k":[159.078,39.744],"ix":2},"a":{"a":0,"k":[0,0],"ix":1},"s":{"a":0,"k":[100,100],"ix":3},"r":{"a":0,"k":0,"ix":6},"o":{"a":0,"k":100,"ix":7},"sk":{"a":0,"k":0,"ix":4},"sa":{"a":0,"k":0,"ix":5},"nm":"Transform"}],"nm":"Group 50","np":2,"cix":2,"bm":0,"ix":50,"mn":"ADBE Vector Group","hd":false},{"ty":"gr","it":[{"ind":0,"ty":"sh","ix":1,"ks":{"a":0,"k":{"i":[[-0.639,-1.263],[-0.702,-1.388],[1.031,-0.52],[1.246,0.41],[0.639,1.262],[-1.287,0.251],[-3.315,0.819],[-1.246,-0.41]],"o":[[0.756,1.495],[0.423,0.838],[-1.262,0.639],[-1.246,-0.408],[-0.638,-1.263],[2.088,-0.407],[1.374,-0.339],[1.246,0.408]],"v":[[4.655,-2.259],[2.456,0.957],[2.394,4.625],[-0.592,2.306],[-4.49,2.365],[-4.124,-0.238],[-1.427,-4.925],[1.236,-2.968]],"c":true},"ix":2},"nm":"Path 1","mn":"ADBE Vector Shape - Group","hd":false},{"ty":"fl","c":{"a":0,"k":[0,0,0,1],"ix":4},"o":{"a":0,"k":100,"ix":5},"r":1,"bm":0,"nm":"Fill 1","mn":"ADBE Vector Graphic - Fill","hd":false},{"ty":"tr","p":{"a":0,"k":[168.551,38.834],"ix":2},"a":{"a":0,"k":[0,0],"ix":1},"s":{"a":0,"k":[100,100],"ix":3},"r":{"a":0,"k":0,"ix":6},"o":{"a":0,"k":100,"ix":7},"sk":{"a":0,"k":0,"ix":4},"sa":{"a":0,"k":0,"ix":5},"nm":"Transform"}],"nm":"Group 51","np":2,"cix":2,"bm":0,"ix":51,"mn":"ADBE Vector Group","hd":false},{"ty":"gr","it":[{"ind":0,"ty":"sh","ix":1,"ks":{"a":0,"k":{"i":[[0.306,-1.317],[0.336,-1.448],[1.074,0.249],[0.662,1.064],[-0.306,1.318],[-1.097,-0.606],[-2.934,-1.432],[-0.663,-1.064]],"o":[[-0.363,1.56],[-0.203,0.874],[-1.318,-0.307],[-0.663,-1.064],[0.306,-1.317],[1.781,0.982],[1.215,0.594],[0.662,1.064]],"v":[[4.771,1.602],[1.186,2.613],[-1.108,5.266],[-1.876,1.734],[-4.771,-0.615],[-2.907,-2.298],[1.946,-4.083],[2.699,-1.014]],"c":true},"ix":2},"nm":"Path 1","mn":"ADBE Vector Shape - Group","hd":false},{"ty":"fl","c":{"a":0,"k":[0,0,0,1],"ix":4},"o":{"a":0,"k":100,"ix":5},"r":1,"bm":0,"nm":"Fill 1","mn":"ADBE Vector Graphic - Fill","hd":false},{"ty":"tr","p":{"a":0,"k":[168.236,40.267],"ix":2},"a":{"a":0,"k":[0,0],"ix":1},"s":{"a":0,"k":[100,100],"ix":3},"r":{"a":0,"k":0,"ix":6},"o":{"a":0,"k":100,"ix":7},"sk":{"a":0,"k":0,"ix":4},"sa":{"a":0,"k":0,"ix":5},"nm":"Transform"}],"nm":"Group 52","np":2,"cix":2,"bm":0,"ix":52,"mn":"ADBE Vector Group","hd":false},{"ty":"gr","it":[{"ind":0,"ty":"sh","ix":1,"ks":{"a":0,"k":{"i":[[-1.18,-2.334],[-1.298,-2.567],[1.905,-0.963],[2.304,0.757],[1.18,2.334],[-2.379,0.463],[-6.13,1.514],[-2.303,-0.757]],"o":[[1.397,2.765],[0.783,1.549],[-2.334,1.18],[-2.303,-0.756],[-1.18,-2.335],[3.86,-0.753],[2.539,-0.628],[2.303,0.756]],"v":[[8.607,-4.176],[4.541,1.77],[4.427,8.553],[-1.094,4.265],[-8.301,4.373],[-7.625,-0.439],[-2.638,-9.105],[2.285,-5.488]],"c":true},"ix":2},"nm":"Path 1","mn":"ADBE Vector Shape - Group","hd":false},{"ty":"fl","c":{"a":0,"k":[0,0,0,1],"ix":4},"o":{"a":0,"k":100,"ix":5},"r":1,"bm":0,"nm":"Fill 1","mn":"ADBE Vector Graphic - Fill","hd":false},{"ty":"tr","p":{"a":0,"k":[176.904,37.554],"ix":2},"a":{"a":0,"k":[0,0],"ix":1},"s":{"a":0,"k":[100,100],"ix":3},"r":{"a":0,"k":0,"ix":6},"o":{"a":0,"k":100,"ix":7},"sk":{"a":0,"k":0,"ix":4},"sa":{"a":0,"k":0,"ix":5},"nm":"Transform"}],"nm":"Group 53","np":2,"cix":2,"bm":0,"ix":53,"mn":"ADBE Vector Group","hd":false},{"ty":"gr","it":[{"ind":0,"ty":"sh","ix":1,"ks":{"a":0,"k":{"i":[[0.566,-2.436],[0.622,-2.678],[1.988,0.462],[1.226,1.966],[-0.566,2.436],[-2.03,-1.119],[-5.424,-2.649],[-1.225,-1.967]],"o":[[-0.67,2.884],[-0.376,1.616],[-2.435,-0.566],[-1.225,-1.968],[0.566,-2.436],[3.292,1.816],[2.247,1.097],[1.226,1.967]],"v":[[8.821,2.963],[2.193,4.83],[-2.05,9.734],[-3.47,3.205],[-8.821,-1.136],[-5.374,-4.251],[3.597,-7.548],[4.989,-1.876]],"c":true},"ix":2},"nm":"Path 1","mn":"ADBE Vector Shape - Group","hd":false},{"ty":"fl","c":{"a":0,"k":[0,0,0,1],"ix":4},"o":{"a":0,"k":100,"ix":5},"r":1,"bm":0,"nm":"Fill 1","mn":"ADBE Vector Graphic - Fill","hd":false},{"ty":"tr","p":{"a":0,"k":[181.278,40.777],"ix":2},"a":{"a":0,"k":[0,0],"ix":1},"s":{"a":0,"k":[100,100],"ix":3},"r":{"a":0,"k":0,"ix":6},"o":{"a":0,"k":100,"ix":7},"sk":{"a":0,"k":0,"ix":4},"sa":{"a":0,"k":0,"ix":5},"nm":"Transform"}],"nm":"Group 54","np":2,"cix":2,"bm":0,"ix":54,"mn":"ADBE Vector Group","hd":false},{"ty":"gr","it":[{"ind":0,"ty":"sh","ix":1,"ks":{"a":0,"k":{"i":[[-0.901,-1.783],[-0.992,-1.96],[1.455,-0.735],[1.759,0.578],[0.901,1.784],[-1.817,0.354],[-4.683,1.157],[-1.759,-0.578]],"o":[[1.067,2.111],[0.598,1.183],[-1.783,0.902],[-1.759,-0.577],[-0.901,-1.782],[2.948,-0.575],[1.939,-0.479],[1.759,0.577]],"v":[[6.573,-3.189],[3.468,1.352],[3.381,6.531],[-0.835,3.257],[-6.339,3.339],[-5.823,-0.335],[-2.014,-6.954],[1.745,-4.191]],"c":true},"ix":2},"nm":"Path 1","mn":"ADBE Vector Shape - Group","hd":false},{"ty":"fl","c":{"a":0,"k":[0,0,0,1],"ix":4},"o":{"a":0,"k":100,"ix":5},"r":1,"bm":0,"nm":"Fill 1","mn":"ADBE Vector Graphic - Fill","hd":false},{"ty":"tr","p":{"a":0,"k":[193.292,40.539],"ix":2},"a":{"a":0,"k":[0,0],"ix":1},"s":{"a":0,"k":[100,100],"ix":3},"r":{"a":0,"k":0,"ix":6},"o":{"a":0,"k":100,"ix":7},"sk":{"a":0,"k":0,"ix":4},"sa":{"a":0,"k":0,"ix":5},"nm":"Transform"}],"nm":"Group 55","np":2,"cix":2,"bm":0,"ix":55,"mn":"ADBE Vector Group","hd":false},{"ty":"gr","it":[{"ind":0,"ty":"sh","ix":1,"ks":{"a":0,"k":{"i":[[0.432,-1.86],[0.476,-2.046],[1.517,0.352],[0.936,1.502],[-0.432,1.86],[-1.55,-0.855],[-4.142,-2.023],[-0.935,-1.502]],"o":[[-0.512,2.203],[-0.287,1.234],[-1.861,-0.432],[-0.936,-1.503],[0.432,-1.861],[2.514,1.386],[1.716,0.838],[0.936,1.503]],"v":[[6.737,2.263],[1.674,3.689],[-1.564,7.434],[-2.649,2.449],[-6.736,-0.867],[-4.104,-3.246],[2.747,-5.764],[3.811,-1.433]],"c":true},"ix":2},"nm":"Path 1","mn":"ADBE Vector Shape - Group","hd":false},{"ty":"fl","c":{"a":0,"k":[0,0,0,1],"ix":4},"o":{"a":0,"k":100,"ix":5},"r":1,"bm":0,"nm":"Fill 1","mn":"ADBE Vector Graphic - Fill","hd":false},{"ty":"tr","p":{"a":0,"k":[192.848,42.562],"ix":2},"a":{"a":0,"k":[0,0],"ix":1},"s":{"a":0,"k":[100,100],"ix":3},"r":{"a":0,"k":0,"ix":6},"o":{"a":0,"k":100,"ix":7},"sk":{"a":0,"k":0,"ix":4},"sa":{"a":0,"k":0,"ix":5},"nm":"Transform"}],"nm":"Group 56","np":2,"cix":2,"bm":0,"ix":56,"mn":"ADBE Vector Group","hd":false},{"ty":"gr","it":[{"ind":0,"ty":"sh","ix":1,"ks":{"a":0,"k":{"i":[[1.643,1.137],[1.806,1.25],[-0.927,1.34],[-1.822,0.331],[-1.643,-1.137],[1.428,-1.179],[3.563,-3.25],[1.822,-0.332]],"o":[[-1.945,-1.346],[-1.09,-0.754],[1.138,-1.642],[1.821,-0.332],[1.643,1.137],[-2.317,1.911],[-1.475,1.347],[-1.821,0.331]],"v":[[-5.073,5.949],[-4.51,0.476],[-6.906,-4.117],[-1.637,-3.251],[3.16,-5.949],[4.46,-2.473],[4.27,5.16],[-0.352,4.527]],"c":true},"ix":2},"nm":"Path 1","mn":"ADBE Vector Shape - Group","hd":false},{"ty":"fl","c":{"a":0,"k":[0,0,0,1],"ix":4},"o":{"a":0,"k":100,"ix":5},"r":1,"bm":0,"nm":"Fill 1","mn":"ADBE Vector Graphic - Fill","hd":false},{"ty":"tr","p":{"a":0,"k":[206.387,45.172],"ix":2},"a":{"a":0,"k":[0,0],"ix":1},"s":{"a":0,"k":[100,100],"ix":3},"r":{"a":0,"k":0,"ix":6},"o":{"a":0,"k":100,"ix":7},"sk":{"a":0,"k":0,"ix":4},"sa":{"a":0,"k":0,"ix":5},"nm":"Transform"}],"nm":"Group 57","np":2,"cix":2,"bm":0,"ix":57,"mn":"ADBE Vector Group","hd":false},{"ty":"gr","it":[{"ind":0,"ty":"sh","ix":1,"ks":{"a":0,"k":{"i":[[1.897,0.219],[2.086,0.242],[-0.179,1.548],[-1.386,1.099],[-1.897,-0.219],[0.675,-1.636],[1.543,-4.344],[1.387,-1.1]],"o":[[-2.246,-0.26],[-1.259,-0.146],[0.22,-1.897],[1.388,-1.1],[1.897,0.219],[-1.093,2.655],[-0.638,1.8],[-1.387,1.099]],"v":[[-1.407,6.87],[-3.395,2.001],[-7.482,-0.795],[-2.65,-2.435],[0.183,-6.87],[2.843,-4.523],[6.118,2],[1.935,3.546]],"c":true},"ix":2},"nm":"Path 1","mn":"ADBE Vector Shape - Group","hd":false},{"ty":"fl","c":{"a":0,"k":[0,0,0,1],"ix":4},"o":{"a":0,"k":100,"ix":5},"r":1,"bm":0,"nm":"Fill 1","mn":"ADBE Vector Graphic - Fill","hd":false},{"ty":"tr","p":{"a":0,"k":[203.349,44.985],"ix":2},"a":{"a":0,"k":[0,0],"ix":1},"s":{"a":0,"k":[100,100],"ix":3},"r":{"a":0,"k":0,"ix":6},"o":{"a":0,"k":100,"ix":7},"sk":{"a":0,"k":0,"ix":4},"sa":{"a":0,"k":0,"ix":5},"nm":"Transform"}],"nm":"Group 58","np":2,"cix":2,"bm":0,"ix":58,"mn":"ADBE Vector Group","hd":false},{"ty":"gr","it":[{"ind":0,"ty":"sh","ix":1,"ks":{"a":0,"k":{"i":[[1.014,-1.484],[1.114,-1.631],[1.211,0.827],[0.308,1.637],[-1.014,1.484],[-1.068,-1.279],[-2.943,-3.188],[-0.309,-1.637]],"o":[[-1.201,1.757],[-0.673,0.985],[-1.484,-1.014],[-0.309,-1.637],[1.014,-1.484],[1.732,2.074],[1.219,1.321],[0.308,1.637]],"v":[[5.375,4.53],[0.449,4.053],[-3.671,6.233],[-2.921,1.489],[-5.374,-2.813],[-2.253,-4.001],[4.615,-3.872],[4.07,0.29]],"c":true},"ix":2},"nm":"Path 1","mn":"ADBE Vector Shape - Group","hd":false},{"ty":"fl","c":{"a":0,"k":[0,0,0,1],"ix":4},"o":{"a":0,"k":100,"ix":5},"r":1,"bm":0,"nm":"Fill 1","mn":"ADBE Vector Graphic - Fill","hd":false},{"ty":"tr","p":{"a":0,"k":[216.648,48.066],"ix":2},"a":{"a":0,"k":[0,0],"ix":1},"s":{"a":0,"k":[100,100],"ix":3},"r":{"a":0,"k":0,"ix":6},"o":{"a":0,"k":100,"ix":7},"sk":{"a":0,"k":0,"ix":4},"sa":{"a":0,"k":0,"ix":5},"nm":"Transform"}],"nm":"Group 59","np":2,"cix":2,"bm":0,"ix":59,"mn":"ADBE Vector Group","hd":false},{"ty":"gr","it":[{"ind":0,"ty":"sh","ix":1,"ks":{"a":0,"k":{"i":[[1.707,0.197],[1.877,0.216],[-0.161,1.393],[-1.248,0.989],[-1.706,-0.197],[0.607,-1.473],[1.387,-3.909],[1.247,-0.989]],"o":[[-2.021,-0.234],[-1.132,-0.132],[0.198,-1.707],[1.248,-0.989],[1.707,0.197],[-0.984,2.388],[-0.575,1.619],[-1.248,0.989]],"v":[[-1.265,6.181],[-3.054,1.801],[-6.731,-0.715],[-2.383,-2.191],[0.165,-6.181],[2.559,-4.069],[5.506,1.8],[1.742,3.19]],"c":true},"ix":2},"nm":"Path 1","mn":"ADBE Vector Shape - Group","hd":false},{"ty":"fl","c":{"a":0,"k":[0,0,0,1],"ix":4},"o":{"a":0,"k":100,"ix":5},"r":1,"bm":0,"nm":"Fill 1","mn":"ADBE Vector Graphic - Fill","hd":false},{"ty":"tr","p":{"a":0,"k":[214.76,48.676],"ix":2},"a":{"a":0,"k":[0,0],"ix":1},"s":{"a":0,"k":[100,100],"ix":3},"r":{"a":0,"k":0,"ix":6},"o":{"a":0,"k":100,"ix":7},"sk":{"a":0,"k":0,"ix":4},"sa":{"a":0,"k":0,"ix":5},"nm":"Transform"}],"nm":"Group 60","np":2,"cix":2,"bm":0,"ix":60,"mn":"ADBE Vector Group","hd":false},{"ty":"gr","it":[{"ind":0,"ty":"sh","ix":1,"ks":{"a":0,"k":{"i":[[1.542,0.143],[1.694,0.157],[-0.117,1.258],[-1.104,0.916],[-1.542,-0.142],[0.516,-1.338],[1.17,-3.549],[1.103,-0.917]],"o":[[-1.825,-0.169],[-1.023,-0.095],[0.143,-1.541],[1.104,-0.916],[1.541,0.143],[-0.838,2.172],[-0.485,1.469],[-1.104,0.916]],"v":[[-0.999,5.581],[-2.699,1.673],[-6.063,-0.518],[-2.177,-1.936],[0.037,-5.582],[2.236,-3.729],[5.01,1.497],[1.648,2.827]],"c":true},"ix":2},"nm":"Path 1","mn":"ADBE Vector Shape - Group","hd":false},{"ty":"fl","c":{"a":0,"k":[0,0,0,1],"ix":4},"o":{"a":0,"k":100,"ix":5},"r":1,"bm":0,"nm":"Fill 1","mn":"ADBE Vector Graphic - Fill","hd":false},{"ty":"tr","p":{"a":0,"k":[227.419,54.058],"ix":2},"a":{"a":0,"k":[0,0],"ix":1},"s":{"a":0,"k":[100,100],"ix":3},"r":{"a":0,"k":0,"ix":6},"o":{"a":0,"k":100,"ix":7},"sk":{"a":0,"k":0,"ix":4},"sa":{"a":0,"k":0,"ix":5},"nm":"Transform"}],"nm":"Group 61","np":2,"cix":2,"bm":0,"ix":61,"mn":"ADBE Vector Group","hd":false},{"ty":"gr","it":[{"ind":0,"ty":"sh","ix":1,"ks":{"a":0,"k":{"i":[[1.47,0.17],[1.617,0.187],[-0.139,1.2],[-1.075,0.852],[-1.47,-0.17],[0.522,-1.268],[1.195,-3.366],[1.075,-0.851]],"o":[[-1.741,-0.201],[-0.975,-0.113],[0.17,-1.47],[1.075,-0.852],[1.47,0.17],[-0.847,2.057],[-0.495,1.395],[-1.074,0.852]],"v":[[-1.09,5.323],[-2.631,1.551],[-5.797,-0.616],[-2.053,-1.887],[0.142,-5.323],[2.203,-3.505],[4.741,1.55],[1.499,2.747]],"c":true},"ix":2},"nm":"Path 1","mn":"ADBE Vector Shape - Group","hd":false},{"ty":"fl","c":{"a":0,"k":[0,0,0,1],"ix":4},"o":{"a":0,"k":100,"ix":5},"r":1,"bm":0,"nm":"Fill 1","mn":"ADBE Vector Graphic - Fill","hd":false},{"ty":"tr","p":{"a":0,"k":[225.334,53.889],"ix":2},"a":{"a":0,"k":[0,0],"ix":1},"s":{"a":0,"k":[100,100],"ix":3},"r":{"a":0,"k":0,"ix":6},"o":{"a":0,"k":100,"ix":7},"sk":{"a":0,"k":0,"ix":4},"sa":{"a":0,"k":0,"ix":5},"nm":"Transform"}],"nm":"Group 62","np":2,"cix":2,"bm":0,"ix":62,"mn":"ADBE Vector Group","hd":false},{"ty":"gr","it":[{"ind":0,"ty":"sh","ix":1,"ks":{"a":0,"k":{"i":[[1.294,-0.85],[1.423,-0.934],[0.694,1.055],[-0.291,1.405],[-1.294,0.85],[-0.431,-1.368],[-1.299,-3.503],[0.291,-1.404]],"o":[[-1.532,1.006],[-0.858,0.564],[-0.85,-1.294],[0.291,-1.404],[1.293,-0.85],[0.7,2.219],[0.539,1.452],[-0.291,1.405]],"v":[[2.964,4.828],[-0.805,2.834],[-4.799,3.221],[-2.648,-0.312],[-3.192,-4.542],[-0.318,-4.466],[5.11,-2.113],[3.313,1.023]],"c":true},"ix":2},"nm":"Path 1","mn":"ADBE Vector Shape - Group","hd":false},{"ty":"fl","c":{"a":0,"k":[0,0,0,1],"ix":4},"o":{"a":0,"k":100,"ix":5},"r":1,"bm":0,"nm":"Fill 1","mn":"ADBE Vector Graphic - Fill","hd":false},{"ty":"tr","p":{"a":0,"k":[236.481,59.716],"ix":2},"a":{"a":0,"k":[0,0],"ix":1},"s":{"a":0,"k":[100,100],"ix":3},"r":{"a":0,"k":0,"ix":6},"o":{"a":0,"k":100,"ix":7},"sk":{"a":0,"k":0,"ix":4},"sa":{"a":0,"k":0,"ix":5},"nm":"Transform"}],"nm":"Group 63","np":2,"cix":2,"bm":0,"ix":63,"mn":"ADBE Vector Group","hd":false},{"ty":"gr","it":[{"ind":0,"ty":"sh","ix":1,"ks":{"a":0,"k":{"i":[[1.47,0.17],[1.617,0.187],[-0.138,1.199],[-1.075,0.852],[-1.469,-0.17],[0.522,-1.268],[1.195,-3.366],[1.075,-0.852]],"o":[[-1.741,-0.201],[-0.975,-0.113],[0.171,-1.47],[1.075,-0.852],[1.471,0.17],[-0.847,2.057],[-0.495,1.394],[-1.074,0.852]],"v":[[-1.09,5.323],[-2.631,1.551],[-5.798,-0.616],[-2.053,-1.887],[0.141,-5.323],[2.203,-3.505],[4.741,1.55],[1.499,2.747]],"c":true},"ix":2},"nm":"Path 1","mn":"ADBE Vector Shape - Group","hd":false},{"ty":"fl","c":{"a":0,"k":[0,0,0,1],"ix":4},"o":{"a":0,"k":100,"ix":5},"r":1,"bm":0,"nm":"Fill 1","mn":"ADBE Vector Graphic - Fill","hd":false},{"ty":"tr","p":{"a":0,"k":[237.033,60.199],"ix":2},"a":{"a":0,"k":[0,0],"ix":1},"s":{"a":0,"k":[100,100],"ix":3},"r":{"a":0,"k":0,"ix":6},"o":{"a":0,"k":100,"ix":7},"sk":{"a":0,"k":0,"ix":4},"sa":{"a":0,"k":0,"ix":5},"nm":"Transform"}],"nm":"Group 64","np":2,"cix":2,"bm":0,"ix":64,"mn":"ADBE Vector Group","hd":false},{"ty":"gr","it":[{"ind":0,"ty":"sh","ix":1,"ks":{"a":0,"k":{"i":[[0.669,0.078],[0.736,0.086],[-0.063,0.546],[-0.49,0.388],[-0.669,-0.077],[0.238,-0.577],[0.544,-1.532],[0.489,-0.388]],"o":[[-0.792,-0.092],[-0.444,-0.051],[0.078,-0.67],[0.489,-0.388],[0.669,0.078],[-0.386,0.937],[-0.225,0.635],[-0.489,0.388]],"v":[[-0.496,2.423],[-1.197,0.706],[-2.639,-0.281],[-0.934,-0.859],[0.064,-2.424],[1.004,-1.596],[2.159,0.706],[0.682,1.251]],"c":true},"ix":2},"nm":"Path 1","mn":"ADBE Vector Shape - Group","hd":false},{"ty":"fl","c":{"a":0,"k":[0,0,0,1],"ix":4},"o":{"a":0,"k":100,"ix":5},"r":1,"bm":0,"nm":"Fill 1","mn":"ADBE Vector Graphic - Fill","hd":false},{"ty":"tr","p":{"a":0,"k":[256.023,75.604],"ix":2},"a":{"a":0,"k":[0,0],"ix":1},"s":{"a":0,"k":[100,100],"ix":3},"r":{"a":0,"k":0,"ix":6},"o":{"a":0,"k":100,"ix":7},"sk":{"a":0,"k":0,"ix":4},"sa":{"a":0,"k":0,"ix":5},"nm":"Transform"}],"nm":"Group 65","np":2,"cix":2,"bm":0,"ix":65,"mn":"ADBE Vector Group","hd":false},{"ty":"gr","it":[{"ind":0,"ty":"sh","ix":1,"ks":{"a":0,"k":{"i":[[0.959,0.111],[1.054,0.122],[-0.091,0.782],[-0.702,0.556],[-0.959,-0.111],[0.341,-0.827],[0.78,-2.197],[0.701,-0.556]],"o":[[-1.136,-0.131],[-0.637,-0.074],[0.111,-0.96],[0.701,-0.556],[0.959,0.111],[-0.553,1.343],[-0.323,0.91],[-0.701,0.556]],"v":[[-0.711,3.474],[-1.716,1.012],[-3.783,-0.401],[-1.339,-1.231],[0.093,-3.474],[1.438,-2.287],[3.094,1.012],[0.979,1.793]],"c":true},"ix":2},"nm":"Path 1","mn":"ADBE Vector Shape - Group","hd":false},{"ty":"fl","c":{"a":0,"k":[0,0,0,1],"ix":4},"o":{"a":0,"k":100,"ix":5},"r":1,"bm":0,"nm":"Fill 1","mn":"ADBE Vector Graphic - Fill","hd":false},{"ty":"tr","p":{"a":0,"k":[247.602,67.276],"ix":2},"a":{"a":0,"k":[0,0],"ix":1},"s":{"a":0,"k":[100,100],"ix":3},"r":{"a":0,"k":0,"ix":6},"o":{"a":0,"k":100,"ix":7},"sk":{"a":0,"k":0,"ix":4},"sa":{"a":0,"k":0,"ix":5},"nm":"Transform"}],"nm":"Group 66","np":2,"cix":2,"bm":0,"ix":66,"mn":"ADBE Vector Group","hd":false}],"ip":0,"op":450.000018328876,"st":0,"bm":0}],"markers":[]}