{"v":"5.1.13","fr":30,"ip":0,"op":31,"w":750,"h":1333,"nm":"bolinhas","ddd":0,"assets":[{"id":"comp_0","layers":[{"ddd":0,"ind":1,"ty":4,"nm":"ghost 1º","sr":1,"ks":{"o":{"a":1,"k":[{"i":{"x":[0.833],"y":[1]},"o":{"x":[0.167],"y":[0.167]},"n":["0p833_1_0p167_0p167"],"t":1,"s":[0],"e":[100]},{"i":{"x":[0.833],"y":[0.833]},"o":{"x":[0.167],"y":[0]},"n":["0p833_0p833_0p167_0"],"t":16,"s":[100],"e":[0]},{"t":31}],"ix":11},"r":{"a":0,"k":0,"ix":10},"p":{"a":1,"k":[{"i":{"x":0.833,"y":0.828},"o":{"x":0.167,"y":0.167},"n":"0p833_0p828_0p167_0p167","t":1,"s":[300,666.5,0],"e":[375,741.5,0],"to":[5,43.5,0],"ti":[-56.8493041992188,0.05164490267634,0]},{"i":{"x":0.833,"y":0.833},"o":{"x":0.167,"y":0.162},"n":"0p833_0p833_0p167_0p162","t":16.6,"s":[375,741.5,0],"e":[450,666.5,0],"to":[72.4120635986328,-0.06578294187784,0],"ti":[0,0,0]},{"t":31}],"ix":2},"a":{"a":0,"k":[-228.288,-7.134,0],"ix":1},"s":{"a":1,"k":[{"i":{"x":[0.833,0.833,0.833],"y":[1,1,6.72]},"o":{"x":[0.167,0.167,0.167],"y":[0.167,0.167,0]},"n":["0p833_1_0p167_0p167","0p833_1_0p167_0p167","0p833_6p72_0p167_0"],"t":1,"s":[34,34,100],"e":[86.601,86.601,100]},{"i":{"x":[0.833,0.833,0.833],"y":[0.833,0.833,1]},"o":{"x":[0.167,0.167,0.167],"y":[0,0,-5.28]},"n":["0p833_0p833_0p167_0","0p833_0p833_0p167_0","0p833_1_0p167_-5p28"],"t":16.6,"s":[86.601,86.601,100],"e":[34,34,100]},{"t":31}],"ix":6}},"ao":0,"ef":[{"ty":5,"nm":"Alterar para cor","np":13,"mn":"ADBE Change To Color","ix":1,"en":1,"ef":[{"ty":2,"nm":"De","mn":"ADBE Change To Color-0001","ix":1,"v":{"a":0,"k":[0.807843208313,0,0.345098048449,1],"ix":1}},{"ty":2,"nm":"Para","mn":"ADBE Change To Color-0002","ix":2,"v":{"a":0,"k":[0.807843208313,0.196416765451,0.457608640194,1],"ix":2}},{"ty":7,"nm":"Alterar","mn":"ADBE Change To Color-0003","ix":3,"v":{"a":0,"k":1,"ix":3}},{"ty":7,"nm":"Alterar por","mn":"ADBE Change To Color-0004","ix":4,"v":{"a":0,"k":1,"ix":4}},{"ty":6,"nm":"Tolerância","mn":"ADBE Change To Color-0010","ix":5,"v":0},{"ty":0,"nm":"Matiz","mn":"ADBE Change To Color-0005","ix":6,"v":{"a":0,"k":0.1,"ix":6}},{"ty":0,"nm":"Luminosidade","mn":"ADBE Change To Color-0006","ix":7,"v":{"a":0,"k":1,"ix":7}},{"ty":0,"nm":"Saturação","mn":"ADBE Change To Color-0007","ix":8,"v":{"a":0,"k":1,"ix":8}},{"ty":6,"nm":"Saturação","mn":"ADBE Change To Color-0011","ix":9,"v":0},{"ty":0,"nm":"Suavidade","mn":"ADBE Change To Color-0008","ix":10,"v":{"a":0,"k":0.5,"ix":10}},{"ty":7,"nm":"Exibir fosco de correção","mn":"ADBE Change To Color-0009","ix":11,"v":{"a":0,"k":0,"ix":11}}]}],"shapes":[{"ty":"gr","it":[{"d":1,"ty":"el","s":{"a":0,"k":[160,160],"ix":2},"p":{"a":0,"k":[0,0],"ix":3},"nm":"Caminho da elipse 1","mn":"ADBE Vector Shape - Ellipse","hd":false},{"ty":"st","c":{"a":0,"k":[1,1,1,1],"ix":3},"o":{"a":0,"k":100,"ix":4},"w":{"a":0,"k":0,"ix":5},"lc":1,"lj":1,"ml":4,"nm":"Traçado 1","mn":"ADBE Vector Graphic - Stroke","hd":false},{"ty":"fl","c":{"a":0,"k":[0.149,0.729,0.875,1],"ix":4},"o":{"a":0,"k":100,"ix":5},"r":1,"nm":"Preenchimento 1","mn":"ADBE Vector Graphic - Fill","hd":false},{"ty":"tr","p":{"a":0,"k":[-228,-8],"ix":2},"a":{"a":0,"k":[0,0],"ix":1},"s":{"a":0,"k":[68.785,68.785],"ix":3},"r":{"a":0,"k":0,"ix":6},"o":{"a":0,"k":100,"ix":7},"sk":{"a":0,"k":0,"ix":4},"sa":{"a":0,"k":0,"ix":5},"nm":"Transformar"}],"nm":"Elipse 1","np":3,"cix":2,"ix":1,"mn":"ADBE Vector Group","hd":false}],"ip":0,"op":33,"st":1,"bm":0},{"ddd":0,"ind":2,"ty":4,"nm":"1º","sr":1,"ks":{"o":{"a":0,"k":100,"ix":11},"r":{"a":0,"k":0,"ix":10},"p":{"a":1,"k":[{"i":{"x":0.833,"y":0.828},"o":{"x":0.167,"y":0.167},"n":"0p833_0p828_0p167_0p167","t":1,"s":[300,666.5,0],"e":[375,741.5,0],"to":[5,43.5,0],"ti":[-56.8493041992188,0.05164490267634,0]},{"i":{"x":0.833,"y":0.833},"o":{"x":0.167,"y":0.162},"n":"0p833_0p833_0p167_0p162","t":16.6,"s":[375,741.5,0],"e":[450,666.5,0],"to":[72.4120635986328,-0.06578294187784,0],"ti":[0,0,0]},{"t":31}],"ix":2},"a":{"a":0,"k":[-228.288,-7.134,0],"ix":1},"s":{"a":1,"k":[{"i":{"x":[0.833,0.833,0.833],"y":[1,1,9.84]},"o":{"x":[0.167,0.167,0.167],"y":[0.167,0.167,-11]},"n":["0p833_1_0p167_0p167","0p833_1_0p167_0p167","0p833_9p84_0p167_-11"],"t":1,"s":[34,34,100],"e":[86.601,86.601,100]},{"i":{"x":[0.833,0.833,0.833],"y":[0.833,0.833,7]},"o":{"x":[0.167,0.167,0.167],"y":[0,0,-8.16]},"n":["0p833_0p833_0p167_0","0p833_0p833_0p167_0","0p833_7_0p167_-8p16"],"t":16.6,"s":[86.601,86.601,100],"e":[34,34,100]},{"t":31}],"ix":6}},"ao":0,"shapes":[{"ty":"gr","it":[{"d":1,"ty":"el","s":{"a":0,"k":[160,160],"ix":2},"p":{"a":0,"k":[0,0],"ix":3},"nm":"Caminho da elipse 1","mn":"ADBE Vector Shape - Ellipse","hd":false},{"ty":"st","c":{"a":0,"k":[1,1,1,1],"ix":3},"o":{"a":0,"k":100,"ix":4},"w":{"a":0,"k":0,"ix":5},"lc":1,"lj":1,"ml":4,"nm":"Traçado 1","mn":"ADBE Vector Graphic - Stroke","hd":false},{"ty":"fl","c":{"a":0,"k":[0.18,0.333,0.584,1],"ix":4},"o":{"a":0,"k":100,"ix":5},"r":1,"nm":"Preenchimento 1","mn":"ADBE Vector Graphic - Fill","hd":false},{"ty":"tr","p":{"a":0,"k":[-228,-8],"ix":2},"a":{"a":0,"k":[0,0],"ix":1},"s":{"a":0,"k":[68.785,68.785],"ix":3},"r":{"a":0,"k":0,"ix":6},"o":{"a":0,"k":100,"ix":7},"sk":{"a":0,"k":0,"ix":4},"sa":{"a":0,"k":0,"ix":5},"nm":"Transformar"}],"nm":"Elipse 1","np":3,"cix":2,"ix":1,"mn":"ADBE Vector Group","hd":false}],"ip":0,"op":33,"st":1,"bm":0}]},{"id":"comp_1","layers":[{"ddd":0,"ind":1,"ty":4,"nm":"ghost 2º ","sr":1,"ks":{"o":{"a":1,"k":[{"i":{"x":[0.833],"y":[1]},"o":{"x":[0.167],"y":[0.167]},"n":["0p833_1_0p167_0p167"],"t":1,"s":[0],"e":[100]},{"i":{"x":[0.833],"y":[0.833]},"o":{"x":[0.167],"y":[0]},"n":["0p833_0p833_0p167_0"],"t":16,"s":[100],"e":[0]},{"t":31}],"ix":11},"r":{"a":0,"k":0,"ix":10},"p":{"a":1,"k":[{"i":{"x":0.779,"y":0.784},"o":{"x":0.162,"y":0.162},"n":"0p779_0p784_0p162_0p162","t":1,"s":[375,666.5,0],"e":[308.433,548.98,0],"to":[-12.2602872848511,-18.7315673828125,0],"ti":[106.577934265137,-46.2215042114258,0]},{"i":{"x":0.719,"y":0.78},"o":{"x":0.383,"y":0.306},"n":"0p719_0p78_0p383_0p306","t":16,"s":[308.433,548.98,0],"e":[300,551.913,0],"to":[-2.08382034301758,0.90372657775879,0],"ti":[2.20538187026978,-1.05230891704559,0]},{"i":{"x":0.833,"y":0.833},"o":{"x":0.167,"y":0.175},"n":"0p833_0p833_0p167_0p175","t":16.6,"s":[300,551.913,0],"e":[300,666.5,0],"to":[-113.916572570801,54.3558616638184,0],"ti":[0,0,0]},{"t":31}],"ix":2},"a":{"a":0,"k":[-224.656,-4.405,0],"ix":1},"s":{"a":1,"k":[{"i":{"x":[0.833,0.833,0.833],"y":[1,1,6.72]},"o":{"x":[0.167,0.167,0.167],"y":[0.167,0.167,0]},"n":["0p833_1_0p167_0p167","0p833_1_0p167_0p167","0p833_6p72_0p167_0"],"t":1,"s":[34,34,100],"e":[132.355,132.355,100]},{"i":{"x":[0.833,0.833,0.833],"y":[0.918,0.918,1]},"o":{"x":[0.167,0.167,0.167],"y":[0,0,-5.28]},"n":["0p833_0p918_0p167_0","0p833_0p918_0p167_0","0p833_1_0p167_-5p28"],"t":16.6,"s":[132.355,132.355,100],"e":[34,34,100]},{"i":{"x":[0.833,0.833,0.833],"y":[1,1,1]},"o":{"x":[0.167,0.167,0.167],"y":[-8.363,-8.363,0]},"n":["0p833_1_0p167_-8p363","0p833_1_0p167_-8p363","0p833_1_0p167_0"],"t":31,"s":[34,34,100],"e":[34,34,100]},{"t":46}],"ix":6}},"ao":0,"ef":[{"ty":5,"nm":"Alterar para cor","np":13,"mn":"ADBE Change To Color","ix":1,"en":1,"ef":[{"ty":2,"nm":"De","mn":"ADBE Change To Color-0001","ix":1,"v":{"a":0,"k":[0.807843208313,0,0.345098048449,1],"ix":1}},{"ty":2,"nm":"Para","mn":"ADBE Change To Color-0002","ix":2,"v":{"a":0,"k":[0.741176486015,0.011626296677,0.217616766691,1],"ix":2}},{"ty":7,"nm":"Alterar","mn":"ADBE Change To Color-0003","ix":3,"v":{"a":0,"k":1,"ix":3}},{"ty":7,"nm":"Alterar por","mn":"ADBE Change To Color-0004","ix":4,"v":{"a":0,"k":1,"ix":4}},{"ty":6,"nm":"Tolerância","mn":"ADBE Change To Color-0010","ix":5,"v":0},{"ty":0,"nm":"Matiz","mn":"ADBE Change To Color-0005","ix":6,"v":{"a":0,"k":0.1,"ix":6}},{"ty":0,"nm":"Luminosidade","mn":"ADBE Change To Color-0006","ix":7,"v":{"a":0,"k":1,"ix":7}},{"ty":0,"nm":"Saturação","mn":"ADBE Change To Color-0007","ix":8,"v":{"a":0,"k":1,"ix":8}},{"ty":6,"nm":"Saturação","mn":"ADBE Change To Color-0011","ix":9,"v":0},{"ty":0,"nm":"Suavidade","mn":"ADBE Change To Color-0008","ix":10,"v":{"a":0,"k":0.5,"ix":10}},{"ty":7,"nm":"Exibir fosco de correção","mn":"ADBE Change To Color-0009","ix":11,"v":{"a":0,"k":0,"ix":11}}]}],"shapes":[{"ty":"gr","it":[{"d":1,"ty":"el","s":{"a":0,"k":[160,160],"ix":2},"p":{"a":0,"k":[0,0],"ix":3},"nm":"Caminho da elipse 1","mn":"ADBE Vector Shape - Ellipse","hd":false},{"ty":"st","c":{"a":0,"k":[1,1,1,1],"ix":3},"o":{"a":0,"k":100,"ix":4},"w":{"a":0,"k":0,"ix":5},"lc":1,"lj":1,"ml":4,"nm":"Traçado 1","mn":"ADBE Vector Graphic - Stroke","hd":false},{"ty":"fl","c":{"a":0,"k":[0.51,0.757,0.455,1],"ix":4},"o":{"a":0,"k":100,"ix":5},"r":1,"nm":"Preenchimento 1","mn":"ADBE Vector Graphic - Fill","hd":false},{"ty":"tr","p":{"a":0,"k":[-228,-8],"ix":2},"a":{"a":0,"k":[0,0],"ix":1},"s":{"a":0,"k":[68.785,68.785],"ix":3},"r":{"a":0,"k":0,"ix":6},"o":{"a":0,"k":100,"ix":7},"sk":{"a":0,"k":0,"ix":4},"sa":{"a":0,"k":0,"ix":5},"nm":"Transformar"}],"nm":"Elipse 1","np":3,"cix":2,"ix":1,"mn":"ADBE Vector Group","hd":false}],"ip":0,"op":33,"st":1,"bm":0},{"ddd":0,"ind":2,"ty":4,"nm":"2º","sr":1,"ks":{"o":{"a":0,"k":100,"ix":11},"r":{"a":0,"k":0,"ix":10},"p":{"a":1,"k":[{"i":{"x":0.833,"y":0.84},"o":{"x":0.167,"y":0.167},"n":"0p833_0p84_0p167_0p167","t":1,"s":[375,666.5,0],"e":[300,551.913,0],"to":[-12.5000019073486,-19.0978088378906,0],"ti":[115.000633239746,-54.8731231689453,0]},{"i":{"x":0.833,"y":0.833},"o":{"x":0.167,"y":0.175},"n":"0p833_0p833_0p167_0p175","t":16.6,"s":[300,551.913,0],"e":[300,666.5,0],"to":[-113.916572570801,54.3558616638184,0],"ti":[0,0,0]},{"t":31}],"ix":2},"a":{"a":0,"k":[-224.656,-4.405,0],"ix":1},"s":{"a":1,"k":[{"i":{"x":[0.833,0.833,0.833],"y":[1,1,9.84]},"o":{"x":[0.167,0.167,0.167],"y":[0.167,0.167,1.143]},"n":["0p833_1_0p167_0p167","0p833_1_0p167_0p167","0p833_9p84_0p167_1p143"],"t":1,"s":[34,34,100],"e":[132.355,132.355,100]},{"i":{"x":[0.833,0.833,0.833],"y":[0.918,0.918,4.499]},"o":{"x":[0.167,0.167,0.167],"y":[0,0,-8.16]},"n":["0p833_0p918_0p167_0","0p833_0p918_0p167_0","0p833_4p499_0p167_-8p16"],"t":16.6,"s":[132.355,132.355,100],"e":[34,34,100]},{"i":{"x":[0.833,0.833,0.833],"y":[1,1,-10]},"o":{"x":[0.167,0.167,0.167],"y":[-8.363,-8.363,-3.644]},"n":["0p833_1_0p167_-8p363","0p833_1_0p167_-8p363","0p833_-10_0p167_-3p644"],"t":31,"s":[34,34,100],"e":[34,34,100]},{"i":{"x":[0.429,0.429,0.667],"y":[0.994,0.994,1]},"o":{"x":[0.333,0.333,0.333],"y":[0,0,0]},"n":["0p429_0p994_0p333_0","0p429_0p994_0p333_0","0p667_1_0p333_0"],"t":46,"s":[34,34,100],"e":[1641.179,1641.179,100]},{"i":{"x":[0.429,0.429,0.667],"y":[1,1,1]},"o":{"x":[0.167,0.167,0.167],"y":[0,0,0]},"n":["0p429_1_0p167_0","0p429_1_0p167_0","0p667_1_0p167_0"],"t":61,"s":[1641.179,1641.179,100],"e":[1641.179,1641.179,100]},{"i":{"x":[0.833,0.833,0.833],"y":[1,1,1]},"o":{"x":[0.167,0.167,0.167],"y":[0,0,0]},"n":["0p833_1_0p167_0","0p833_1_0p167_0","0p833_1_0p167_0"],"t":76.6,"s":[1641.179,1641.179,100],"e":[0,0,100]},{"t":89.7998046875}],"ix":6}},"ao":0,"shapes":[{"ty":"gr","it":[{"d":1,"ty":"el","s":{"a":0,"k":[160,160],"ix":2},"p":{"a":0,"k":[0,0],"ix":3},"nm":"Caminho da elipse 1","mn":"ADBE Vector Shape - Ellipse","hd":false},{"ty":"st","c":{"a":0,"k":[1,1,1,1],"ix":3},"o":{"a":0,"k":100,"ix":4},"w":{"a":0,"k":0,"ix":5},"lc":1,"lj":1,"ml":4,"nm":"Traçado 1","mn":"ADBE Vector Graphic - Stroke","hd":false},{"ty":"fl","c":{"a":0,"k":[0,0.608,0.424,1],"ix":4},"o":{"a":0,"k":100,"ix":5},"r":1,"nm":"Preenchimento 1","mn":"ADBE Vector Graphic - Fill","hd":false},{"ty":"tr","p":{"a":0,"k":[-228,-8],"ix":2},"a":{"a":0,"k":[0,0],"ix":1},"s":{"a":0,"k":[68.785,68.785],"ix":3},"r":{"a":0,"k":0,"ix":6},"o":{"a":0,"k":100,"ix":7},"sk":{"a":0,"k":0,"ix":4},"sa":{"a":0,"k":0,"ix":5},"nm":"Transformar"}],"nm":"Elipse 1","np":3,"cix":2,"ix":1,"mn":"ADBE Vector Group","hd":false}],"ip":0,"op":33,"st":1,"bm":0}]},{"id":"comp_2","layers":[{"ddd":0,"ind":1,"ty":4,"nm":"ghost 3º ","sr":1,"ks":{"o":{"a":1,"k":[{"i":{"x":[0.833],"y":[1]},"o":{"x":[0.167],"y":[0.167]},"n":["0p833_1_0p167_0p167"],"t":1,"s":[0],"e":[100]},{"i":{"x":[0.833],"y":[0.833]},"o":{"x":[0.167],"y":[0]},"n":["0p833_0p833_0p167_0"],"t":17,"s":[100],"e":[0]},{"t":31}],"ix":11},"r":{"a":0,"k":0,"ix":10},"p":{"a":1,"k":[{"i":{"x":0.833,"y":0.821},"o":{"x":0.167,"y":0.167},"n":"0p833_0p821_0p167_0p167","t":1,"s":[450,666.5,0],"e":[449.5,591,0],"to":[23.1666660308838,-11.3333330154419,0],"ti":[94.1275863647461,4.64545392990112,0]},{"i":{"x":0.833,"y":0.833},"o":{"x":0.167,"y":0.155},"n":"0p833_0p833_0p167_0p155","t":16.6,"s":[449.5,591,0],"e":[375,666.5,0],"to":[-120.910774230957,-5.96727705001831,0],"ti":[0,0,0]},{"t":31}],"ix":2},"a":{"a":0,"k":[-224.656,-4.405,0],"ix":1},"s":{"a":1,"k":[{"i":{"x":[0.833,0.833,0.833],"y":[1,1,6.72]},"o":{"x":[0.167,0.167,0.167],"y":[0.167,0.167,0]},"n":["0p833_1_0p167_0p167","0p833_1_0p167_0p167","0p833_6p72_0p167_0"],"t":1,"s":[34,34,100],"e":[51.541,51.541,100]},{"i":{"x":[0.833,0.833,0.833],"y":[0.833,0.833,1]},"o":{"x":[0.167,0.167,0.167],"y":[0,0,-5.28]},"n":["0p833_0p833_0p167_0","0p833_0p833_0p167_0","0p833_1_0p167_-5p28"],"t":16.6,"s":[51.541,51.541,100],"e":[34,34,100]},{"t":31}],"ix":6}},"ao":0,"ef":[{"ty":5,"nm":"Alterar para cor","np":13,"mn":"ADBE Change To Color","ix":1,"en":1,"ef":[{"ty":2,"nm":"De","mn":"ADBE Change To Color-0001","ix":1,"v":{"a":0,"k":[0.807843208313,0,0.345098048449,1],"ix":1}},{"ty":2,"nm":"Para","mn":"ADBE Change To Color-0002","ix":2,"v":{"a":0,"k":[0.552941203117,0,0.345098048449,1],"ix":2}},{"ty":7,"nm":"Alterar","mn":"ADBE Change To Color-0003","ix":3,"v":{"a":0,"k":1,"ix":3}},{"ty":7,"nm":"Alterar por","mn":"ADBE Change To Color-0004","ix":4,"v":{"a":0,"k":1,"ix":4}},{"ty":6,"nm":"Tolerância","mn":"ADBE Change To Color-0010","ix":5,"v":0},{"ty":0,"nm":"Matiz","mn":"ADBE Change To Color-0005","ix":6,"v":{"a":0,"k":0.1,"ix":6}},{"ty":0,"nm":"Luminosidade","mn":"ADBE Change To Color-0006","ix":7,"v":{"a":0,"k":1,"ix":7}},{"ty":0,"nm":"Saturação","mn":"ADBE Change To Color-0007","ix":8,"v":{"a":0,"k":1,"ix":8}},{"ty":6,"nm":"Saturação","mn":"ADBE Change To Color-0011","ix":9,"v":0},{"ty":0,"nm":"Suavidade","mn":"ADBE Change To Color-0008","ix":10,"v":{"a":0,"k":0.5,"ix":10}},{"ty":7,"nm":"Exibir fosco de correção","mn":"ADBE Change To Color-0009","ix":11,"v":{"a":0,"k":0,"ix":11}}]}],"shapes":[{"ty":"gr","it":[{"d":1,"ty":"el","s":{"a":0,"k":[160,160],"ix":2},"p":{"a":0,"k":[0,0],"ix":3},"nm":"Caminho da elipse 1","mn":"ADBE Vector Shape - Ellipse","hd":false},{"ty":"st","c":{"a":0,"k":[1,1,1,1],"ix":3},"o":{"a":0,"k":100,"ix":4},"w":{"a":0,"k":0,"ix":5},"lc":1,"lj":1,"ml":4,"nm":"Traçado 1","mn":"ADBE Vector Graphic - Stroke","hd":false},{"ty":"fl","c":{"a":0,"k":[0.886,0.388,0.604,1],"ix":4},"o":{"a":0,"k":100,"ix":5},"r":1,"nm":"Preenchimento 1","mn":"ADBE Vector Graphic - Fill","hd":false},{"ty":"tr","p":{"a":0,"k":[-228,-8],"ix":2},"a":{"a":0,"k":[0,0],"ix":1},"s":{"a":0,"k":[68.785,68.785],"ix":3},"r":{"a":0,"k":0,"ix":6},"o":{"a":0,"k":100,"ix":7},"sk":{"a":0,"k":0,"ix":4},"sa":{"a":0,"k":0,"ix":5},"nm":"Transformar"}],"nm":"Elipse 1","np":3,"cix":2,"ix":1,"mn":"ADBE Vector Group","hd":false}],"ip":0,"op":33,"st":1,"bm":0},{"ddd":0,"ind":2,"ty":4,"nm":"3º","sr":1,"ks":{"o":{"a":0,"k":100,"ix":11},"r":{"a":0,"k":0,"ix":10},"p":{"a":1,"k":[{"i":{"x":0.833,"y":0.821},"o":{"x":0.167,"y":0.167},"n":"0p833_0p821_0p167_0p167","t":1,"s":[450,666.5,0],"e":[449.5,591,0],"to":[23.1666660308838,-11.3333330154419,0],"ti":[94.1275863647461,4.64545392990112,0]},{"i":{"x":0.833,"y":0.833},"o":{"x":0.167,"y":0.155},"n":"0p833_0p833_0p167_0p155","t":16.6,"s":[449.5,591,0],"e":[375,666.5,0],"to":[-120.910774230957,-5.96727705001831,0],"ti":[0,0,0]},{"t":31}],"ix":2},"a":{"a":0,"k":[-224.656,-4.405,0],"ix":1},"s":{"a":1,"k":[{"i":{"x":[0.833,0.833,0.833],"y":[1,1,9.84]},"o":{"x":[0.167,0.167,0.167],"y":[0.167,0.167,-15.722]},"n":["0p833_1_0p167_0p167","0p833_1_0p167_0p167","0p833_9p84_0p167_-15p722"],"t":1,"s":[34,34,100],"e":[51.541,51.541,100]},{"i":{"x":[0.833,0.833,0.833],"y":[0.833,0.833,2.278]},"o":{"x":[0.167,0.167,0.167],"y":[0,0,-8.16]},"n":["0p833_0p833_0p167_0","0p833_0p833_0p167_0","0p833_2p278_0p167_-8p16"],"t":16.6,"s":[51.541,51.541,100],"e":[34,34,100]},{"t":31}],"ix":6}},"ao":0,"shapes":[{"ty":"gr","it":[{"d":1,"ty":"el","s":{"a":0,"k":[160,160],"ix":2},"p":{"a":0,"k":[0,0],"ix":3},"nm":"Caminho da elipse 1","mn":"ADBE Vector Shape - Ellipse","hd":false},{"ty":"st","c":{"a":0,"k":[1,1,1,1],"ix":3},"o":{"a":0,"k":100,"ix":4},"w":{"a":0,"k":0,"ix":5},"lc":1,"lj":1,"ml":4,"nm":"Traçado 1","mn":"ADBE Vector Graphic - Stroke","hd":false},{"ty":"fl","c":{"a":0,"k":[0.533,0.247,0.361,1],"ix":4},"o":{"a":0,"k":100,"ix":5},"r":1,"nm":"Preenchimento 1","mn":"ADBE Vector Graphic - Fill","hd":false},{"ty":"tr","p":{"a":0,"k":[-228,-8],"ix":2},"a":{"a":0,"k":[0,0],"ix":1},"s":{"a":0,"k":[68.785,68.785],"ix":3},"r":{"a":0,"k":0,"ix":6},"o":{"a":0,"k":100,"ix":7},"sk":{"a":0,"k":0,"ix":4},"sa":{"a":0,"k":0,"ix":5},"nm":"Transformar"}],"nm":"Elipse 1","np":3,"cix":2,"ix":1,"mn":"ADBE Vector Group","hd":false}],"ip":0,"op":33,"st":1,"bm":0}]}],"layers":[{"ddd":0,"ind":1,"ty":4,"nm":"Camada de forma 2","sr":1,"ks":{"o":{"a":0,"k":100,"ix":11},"r":{"a":0,"k":0,"ix":10},"p":{"a":0,"k":[375,666.5,0],"ix":2},"a":{"a":0,"k":[0,0,0],"ix":1},"s":{"a":0,"k":[100,100,100],"ix":6}},"ao":0,"shapes":[{"ty":"gr","it":[{"ty":"rc","d":1,"s":{"a":0,"k":[0,4],"ix":2},"p":{"a":0,"k":[0,0],"ix":3},"r":{"a":0,"k":0,"ix":4},"nm":"Caminho do retângulo 1","mn":"ADBE Vector Shape - Rect","hd":false},{"ty":"st","c":{"a":0,"k":[1,1,1,1],"ix":3},"o":{"a":0,"k":100,"ix":4},"w":{"a":0,"k":2,"ix":5},"lc":1,"lj":1,"ml":4,"nm":"Traçado 1","mn":"ADBE Vector Graphic - Stroke","hd":false},{"ty":"fl","c":{"a":0,"k":[1,1,1,1],"ix":4},"o":{"a":0,"k":100,"ix":5},"r":1,"nm":"Preenchimento 1","mn":"ADBE Vector Graphic - Fill","hd":false},{"ty":"tr","p":{"a":0,"k":[-639,-524.5],"ix":2},"a":{"a":0,"k":[0,0],"ix":1},"s":{"a":0,"k":[100,100],"ix":3},"r":{"a":0,"k":0,"ix":6},"o":{"a":0,"k":100,"ix":7},"sk":{"a":0,"k":0,"ix":4},"sa":{"a":0,"k":0,"ix":5},"nm":"Transformar"}],"nm":"Retângulo 1","np":3,"cix":2,"ix":1,"mn":"ADBE Vector Group","hd":false}],"ip":0,"op":31,"st":0,"bm":0},{"ddd":0,"ind":2,"ty":0,"nm":"0_1º bolinha 2","refId":"comp_0","sr":1,"ks":{"o":{"a":0,"k":100,"ix":11},"r":{"a":0,"k":0,"ix":10},"p":{"a":0,"k":[375,666.5,0],"ix":2},"a":{"a":0,"k":[375,666.5,0],"ix":1},"s":{"a":0,"k":[100,100,100],"ix":6}},"ao":0,"w":750,"h":1333,"ip":0,"op":32,"st":0,"bm":0},{"ddd":0,"ind":3,"ty":0,"nm":"0_2ª bolinha 2","refId":"comp_1","sr":1,"ks":{"o":{"a":0,"k":100,"ix":11},"r":{"a":0,"k":0,"ix":10},"p":{"a":0,"k":[375,666.5,0],"ix":2},"a":{"a":0,"k":[375,666.5,0],"ix":1},"s":{"a":0,"k":[100,100,100],"ix":6}},"ao":0,"w":750,"h":1333,"ip":0,"op":32,"st":0,"bm":0},{"ddd":0,"ind":4,"ty":0,"nm":"0_3ª bolinha 2","refId":"comp_2","sr":1,"ks":{"o":{"a":0,"k":100,"ix":11},"r":{"a":0,"k":0,"ix":10},"p":{"a":0,"k":[375,666.5,0],"ix":2},"a":{"a":0,"k":[375,666.5,0],"ix":1},"s":{"a":0,"k":[100,100,100],"ix":6}},"ao":0,"w":750,"h":1333,"ip":0,"op":32,"st":0,"bm":0},{"ddd":0,"ind":5,"ty":4,"nm":"Camada de forma 1","sr":1,"ks":{"o":{"a":0,"k":50,"ix":11},"r":{"a":0,"k":0,"ix":10},"p":{"a":0,"k":[375,666.5,0],"ix":2},"a":{"a":0,"k":[0,0,0],"ix":1},"s":{"a":0,"k":[100,100,100],"ix":6}},"ao":0,"shapes":[{"ty":"gr","it":[{"ty":"rc","d":1,"s":{"a":0,"k":[784,1376],"ix":2},"p":{"a":0,"k":[0,0],"ix":3},"r":{"a":0,"k":0,"ix":4},"nm":"Caminho do retângulo 1","mn":"ADBE Vector Shape - Rect","hd":false},{"ty":"st","c":{"a":0,"k":[1,1,1,1],"ix":3},"o":{"a":0,"k":100,"ix":4},"w":{"a":0,"k":2,"ix":5},"lc":1,"lj":1,"ml":4,"nm":"Traçado 1","mn":"ADBE Vector Graphic - Stroke","hd":false},{"ty":"fl","c":{"a":0,"k":[1,1,1,1],"ix":4},"o":{"a":0,"k":100,"ix":5},"r":1,"nm":"Preenchimento 1","mn":"ADBE Vector Graphic - Fill","hd":false},{"ty":"tr","p":{"a":0,"k":[-7,1.5],"ix":2},"a":{"a":0,"k":[0,0],"ix":1},"s":{"a":0,"k":[100,100],"ix":3},"r":{"a":0,"k":0,"ix":6},"o":{"a":0,"k":100,"ix":7},"sk":{"a":0,"k":0,"ix":4},"sa":{"a":0,"k":0,"ix":5},"nm":"Transformar"}],"nm":"Retângulo 1","np":3,"cix":2,"ix":1,"mn":"ADBE Vector Group","hd":false}],"ip":0,"op":31,"st":0,"bm":0}],"markers":[]}